<?xml version="1.0" encoding="UTF-8"?>
<alto xmlns:xsi="http://www.w3.org/2001/XMLSchema-instance" xsi:noNamespaceSchemaLocation="http://www.bl.uk/schemas/alto/alto-1-4.xsd" xmlns:xlink="http://www.w3.org/1999/xlink">
	<Description>
		<MeasurementUnit>mm10</MeasurementUnit>
		<sourceImageInformation>
			<fileName>//head1/IN/2008-10/A0011314656/002641.jp2</fileName>
		</sourceImageInformation>
		<OCRProcessing ID="OCRPROCESSING_1">
			<preProcessingStep>
				<processingSoftware>
					<softwareCreator>CCS Content Conversion Specialists GmbH, Germany</softwareCreator>
					<softwareName>CCS docWORKS</softwareName>
					<softwareVersion>6.1-0.67</softwareVersion>
				</processingSoftware>
			</preProcessingStep>
			<ocrProcessingStep>
				<processingSoftware>
					<softwareCreator>ABBYY (BIT Software), Russia</softwareCreator>
					<softwareName>Finereader</softwareName>
				</processingSoftware>
			</ocrProcessingStep>
		</OCRProcessing>
	</Description>
	<Styles>
		<TextStyle ID="TXT_0" FONTSIZE="11" FONTFAMILY="Courier New"/>
		<TextStyle ID="TXT_1" FONTSIZE="9" FONTFAMILY="Courier New"/>
		<ParagraphStyle ID="PAR_LEFT" ALIGN="Left"/>
		<ParagraphStyle ID="PAR_RIGHT" ALIGN="Right"/>
	</Styles>
	<Layout>
		<Page ID="P27" PHYSICAL_IMG_NR="27" HEIGHT="2116" WIDTH="1323" PRINTED_IMG_NR="17" POSITION="Right" ACCURACY="72.30">
			<TopMargin ID="P27_TM00001" HPOS="0" VPOS="0" WIDTH="1323" HEIGHT="57">
				<TextBlock ID="P27_TB00001" HPOS="586" VPOS="27" WIDTH="37" HEIGHT="27" STYLEREFS="TXT_0 PAR_LEFT">
					<TextLine ID="P27_TL00001" HPOS="586" VPOS="27" WIDTH="37" HEIGHT="27">
						<String ID="P27_ST00001" HPOS="586" VPOS="27" WIDTH="37" HEIGHT="27" CONTENT="17" WC="1.00" CC="00"/>
					</TextLine>
				</TextBlock>
			</TopMargin>
			<LeftMargin ID="P27_LM00001" HPOS="0" VPOS="57" WIDTH="110" HEIGHT="1991"/>
			<RightMargin ID="P27_RM00001" HPOS="1133" VPOS="57" WIDTH="190" HEIGHT="1991"/>
			<BottomMargin ID="P27_BM00001" HPOS="0" VPOS="2048" WIDTH="1323" HEIGHT="67"/>
			<PrintSpace ID="P27_PS00001" HPOS="110" VPOS="57" WIDTH="1023" HEIGHT="1991">
				<TextBlock ID="P27_TB00002" HPOS="567" VPOS="93" WIDTH="283" HEIGHT="40" STYLEREFS="TXT_1 PAR_RIGHT">
					<TextLine ID="P27_TL00002" HPOS="567" VPOS="94" WIDTH="283" HEIGHT="39">
						<String ID="P27_ST00002" HPOS="567" VPOS="94" WIDTH="70" HEIGHT="28" CONTENT="1821" WC="0.67" CC="1370"/>
						<SP ID="P27_SP00001" HPOS="637" VPOS="122" WIDTH="14"/>
						<String ID="P27_ST00003" HPOS="651" VPOS="99" WIDTH="199" HEIGHT="34" CONTENT="(continued.)" WC="0.88" CC="503000000020"/>
					</TextLine>
				</TextBlock>
				<TextBlock ID="P27_TB00003" HPOS="74" VPOS="145" WIDTH="1059" HEIGHT="110" STYLEREFS="TXT_1 PAR_LEFT">
					<TextLine ID="P27_TL00003" HPOS="74" VPOS="145" WIDTH="1059" HEIGHT="52">
						<String ID="P27_ST00004" HPOS="74" VPOS="145" WIDTH="58" HEIGHT="27" CONTENT="The" WC="0.61" CC="703"/>
						<SP ID="P27_SP00002" HPOS="132" VPOS="172" WIDTH="11"/>
						<String ID="P27_ST00005" HPOS="143" VPOS="150" WIDTH="98" HEIGHT="32" CONTENT="subject" WC="0.56" CC="9500374"/>
						<SP ID="P27_SP00003" HPOS="241" VPOS="182" WIDTH="7"/>
						<String ID="P27_ST00006" HPOS="248" VPOS="152" WIDTH="29" HEIGHT="25" CONTENT="of" WC="0.46" CC="55"/>
						<SP ID="P27_SP00004" HPOS="277" VPOS="182" WIDTH="10"/>
						<String ID="P27_ST00007" HPOS="287" VPOS="153" WIDTH="40" HEIGHT="24" CONTENT="the" WC="0.45" CC="662"/>
						<SP ID="P27_SP00005" HPOS="327" VPOS="182" WIDTH="14"/>
						<String ID="P27_ST00008" HPOS="341" VPOS="153" WIDTH="88" HEIGHT="26" CONTENT="Police" WC="0.72" CC="600440"/>
						<SP ID="P27_SP00006" HPOS="429" VPOS="182" WIDTH="12"/>
						<String ID="P27_ST00009" HPOS="441" VPOS="156" WIDTH="72" HEIGHT="32" CONTENT="again" WC="0.78" CC="40006"/>
						<SP ID="P27_SP00007" HPOS="513" VPOS="188" WIDTH="20"/>
						<String ID="P27_ST00010" HPOS="533" VPOS="157" WIDTH="133" HEIGHT="25" CONTENT="discussed." WC="0.67" CC="0260749001"/>
						<SP ID="P27_SP00008" HPOS="666" VPOS="188" WIDTH="35"/>
						<String ID="P27_ST00011" HPOS="701" VPOS="160" WIDTH="54" HEIGHT="24" CONTENT="The" WC="0.53" CC="067"/>
						<SP ID="P27_SP00009" HPOS="755" VPOS="188" WIDTH="23"/>
						<String ID="P27_ST00012" HPOS="778" VPOS="161" WIDTH="114" HEIGHT="27" CONTENT="Political" WC="0.76" CC="060330502"/>
						<SP ID="P27_SP00010" HPOS="892" VPOS="188" WIDTH="14"/>
						<String ID="P27_ST00013" HPOS="906" VPOS="163" WIDTH="86" HEIGHT="33" CONTENT="Agent" WC="0.52" CC="09076"/>
						<SP ID="P27_SP00011" HPOS="992" VPOS="196" WIDTH="22"/>
						<String ID="P27_ST00014" HPOS="1014" VPOS="175" WIDTH="119" HEIGHT="22" CONTENT="approves" WC="0.66" CC="50710218"/>
					</TextLine>
					<TextLine ID="P27_TL00004" HPOS="112" VPOS="187" WIDTH="968" HEIGHT="43">
						<String ID="P27_ST00015" HPOS="112" VPOS="187" WIDTH="26" HEIGHT="20" CONTENT="ot" WC="0.29" CC="58"/>
						<SP ID="P27_SP00012" HPOS="138" VPOS="207" WIDTH="13"/>
						<String ID="P27_ST00016" HPOS="151" VPOS="187" WIDTH="42" HEIGHT="21" CONTENT="the" WC="0.81" CC="050"/>
						<SP ID="P27_SP00013" HPOS="193" VPOS="208" WIDTH="17"/>
						<String ID="P27_ST00017" HPOS="210" VPOS="187" WIDTH="84" HEIGHT="30" CONTENT="Jagl.a" WC="0.68" CC="409040"/>
						<SP ID="P27_SP00014" HPOS="294" VPOS="217" WIDTH="13"/>
						<String ID="P27_ST00018" HPOS="307" VPOS="192" WIDTH="102" HEIGHT="28" CONTENT="system," WC="0.68" CC="6060063"/>
						<SP ID="P27_SP00015" HPOS="409" VPOS="220" WIDTH="14"/>
						<String ID="P27_ST00019" HPOS="423" VPOS="189" WIDTH="45" HEIGHT="25" CONTENT="but" WC="0.90" CC="020"/>
						<SP ID="P27_SP00016" HPOS="468" VPOS="220" WIDTH="12"/>
						<String ID="P27_ST00020" HPOS="480" VPOS="195" WIDTH="57" HEIGHT="27" CONTENT="puts" WC="0.67" CC="0246"/>
						<SP ID="P27_SP00017" HPOS="537" VPOS="222" WIDTH="12"/>
						<String ID="P27_ST00021" HPOS="549" VPOS="191" WIDTH="64" HEIGHT="25" CONTENT="little" WC="0.70" CC="232440"/>
						<SP ID="P27_SP00018" HPOS="613" VPOS="222" WIDTH="13"/>
						<String ID="P27_ST00022" HPOS="626" VPOS="193" WIDTH="62" HEIGHT="24" CONTENT="faith" WC="0.79" CC="00307"/>
						<SP ID="P27_SP00019" HPOS="688" VPOS="222" WIDTH="13"/>
						<String ID="P27_ST00023" HPOS="701" VPOS="194" WIDTH="25" HEIGHT="23" CONTENT="in" WC="0.53" CC="27"/>
						<SP ID="P27_SP00020" HPOS="726" VPOS="222" WIDTH="16"/>
						<String ID="P27_ST00024" HPOS="742" VPOS="195" WIDTH="41" HEIGHT="24" CONTENT="the" WC="0.67" CC="270"/>
						<SP ID="P27_SP00021" HPOS="783" VPOS="222" WIDTH="12"/>
						<String ID="P27_ST00025" HPOS="795" VPOS="197" WIDTH="102" HEIGHT="31" CONTENT="pension" WC="0.77" CC="0154040"/>
						<SP ID="P27_SP00022" HPOS="897" VPOS="228" WIDTH="14"/>
						<String ID="P27_ST00026" HPOS="911" VPOS="206" WIDTH="169" HEIGHT="24" CONTENT="arrangement" WC="0.72" CC="03003900462"/>
					</TextLine>
					<TextLine ID="P27_TL00005" HPOS="83" VPOS="221" WIDTH="585" HEIGHT="34">
						<String ID="P27_ST00027" HPOS="83" VPOS="221" WIDTH="49" HEIGHT="21" CONTENT="Ine" WC="0.62" CC="730"/>
						<SP ID="P27_SP00023" HPOS="132" VPOS="242" WIDTH="15"/>
						<String ID="P27_ST00028" HPOS="147" VPOS="221" WIDTH="76" HEIGHT="22" CONTENT="Bheel" WC="0.72" CC="90004"/>
						<SP ID="P27_SP00024" HPOS="223" VPOS="243" WIDTH="14"/>
						<String ID="P27_ST00029" HPOS="237" VPOS="221" WIDTH="185" HEIGHT="33" CONTENT="Chiefsjemain" WC="0.77" CC="300000803361"/>
						<SP ID="P27_SP00025" HPOS="422" VPOS="254" WIDTH="23"/>
						<String ID="P27_ST00030" HPOS="445" VPOS="225" WIDTH="68" HEIGHT="30" CONTENT="quiet" WC="0.81" CC="00404"/>
						<SP ID="P27_SP00026" HPOS="513" VPOS="255" WIDTH="13"/>
						<String ID="P27_ST00031" HPOS="526" VPOS="225" WIDTH="37" HEIGHT="24" CONTENT="for" WC="0.70" CC="026"/>
						<SP ID="P27_SP00027" HPOS="563" VPOS="255" WIDTH="12"/>
						<String ID="P27_ST00032" HPOS="575" VPOS="234" WIDTH="15" HEIGHT="15" CONTENT="a" WC="1.00" CC="0"/>
						<SP ID="P27_SP00028" HPOS="590" VPOS="255" WIDTH="12"/>
						<String ID="P27_ST00033" HPOS="602" VPOS="227" WIDTH="66" HEIGHT="24" CONTENT="time." WC="0.77" CC="00504"/>
					</TextLine>
				</TextBlock>
				<TextBlock ID="P27_TB00004" HPOS="547" VPOS="282" WIDTH="88" HEIGHT="29" STYLEREFS="TXT_1 PAR_LEFT">
					<TextLine ID="P27_TL00006" HPOS="547" VPOS="282" WIDTH="88" HEIGHT="29">
						<String ID="P27_ST00034" HPOS="547" VPOS="282" WIDTH="88" HEIGHT="29" CONTENT="1822." WC="0.62" CC="35900"/>
					</TextLine>
				</TextBlock>
				<TextBlock ID="P27_TB00005" HPOS="68" VPOS="340" WIDTH="1060" HEIGHT="245" STYLEREFS="TXT_1 PAR_LEFT">
					<TextLine ID="P27_TL00007" HPOS="76" VPOS="340" WIDTH="841" HEIGHT="44">
						<String ID="P27_ST00035" HPOS="76" VPOS="340" WIDTH="84" HEIGHT="32" CONTENT="Gangs" WC="0.48" CC="60395"/>
						<SP ID="P27_SP00029" HPOS="160" VPOS="372" WIDTH="18"/>
						<String ID="P27_ST00036" HPOS="178" VPOS="341" WIDTH="28" HEIGHT="24" CONTENT="of" WC="0.37" CC="65"/>
						<SP ID="P27_SP00030" HPOS="206" VPOS="372" WIDTH="12"/>
						<String ID="P27_ST00037" HPOS="218" VPOS="342" WIDTH="89" HEIGHT="24" CONTENT="Bheels" WC="0.58" CC="657005"/>
						<SP ID="P27_SP00031" HPOS="307" VPOS="372" WIDTH="12"/>
						<String ID="P27_ST00038" HPOS="319" VPOS="343" WIDTH="150" HEIGHT="34" CONTENT="plundering" WC="0.91" CC="0500000040"/>
						<SP ID="P27_SP00032" HPOS="469" VPOS="377" WIDTH="13"/>
						<String ID="P27_ST00039" HPOS="482" VPOS="346" WIDTH="40" HEIGHT="24" CONTENT="the" WC="0.49" CC="870"/>
						<SP ID="P27_SP00033" HPOS="522" VPOS="377" WIDTH="14"/>
						<String ID="P27_ST00040" HPOS="536" VPOS="346" WIDTH="126" HEIGHT="26" CONTENT="Province" WC="0.70" CC="40506600"/>
						<SP ID="P27_SP00034" HPOS="662" VPOS="377" WIDTH="13"/>
						<String ID="P27_ST00041" HPOS="675" VPOS="349" WIDTH="25" HEIGHT="24" CONTENT="in" WC="0.80" CC="03"/>
						<SP ID="P27_SP00035" HPOS="700" VPOS="377" WIDTH="12"/>
						<String ID="P27_ST00042" HPOS="712" VPOS="359" WIDTH="72" HEIGHT="25" CONTENT="every" WC="0.82" CC="00008"/>
						<SP ID="P27_SP00036" HPOS="784" VPOS="384" WIDTH="14"/>
						<String ID="P27_ST00043" HPOS="798" VPOS="352" WIDTH="119" HEIGHT="27" CONTENT="direction" WC="0.85" CC="064000001"/>
					</TextLine>
					<TextLine ID="P27_TL00008" HPOS="72" VPOS="373" WIDTH="1056" HEIGHT="44">
						<String ID="P27_ST00044" HPOS="72" VPOS="373" WIDTH="55" HEIGHT="25" CONTENT="The" WC="0.83" CC="050"/>
						<SP ID="P27_SP00037" HPOS="127" VPOS="398" WIDTH="16"/>
						<String ID="P27_ST00045" HPOS="143" VPOS="375" WIDTH="97" HEIGHT="25" CONTENT="Nahals" WC="0.72" CC="007017"/>
						<SP ID="P27_SP00038" HPOS="240" VPOS="400" WIDTH="13"/>
						<String ID="P27_ST00046" HPOS="253" VPOS="377" WIDTH="101" HEIGHT="24" CONTENT="commit" WC="0.61" CC="277060"/>
						<SP ID="P27_SP00039" HPOS="354" VPOS="401" WIDTH="12"/>
						<String ID="P27_ST00047" HPOS="366" VPOS="377" WIDTH="112" HEIGHT="26" CONTENT="dreadful" WC="0.69" CC="05070057"/>
						<SP ID="P27_SP00040" HPOS="478" VPOS="403" WIDTH="13"/>
						<String ID="P27_ST00048" HPOS="491" VPOS="380" WIDTH="173" HEIGHT="33" CONTENT="depredations" WC="0.83" CC="000100200537"/>
						<SP ID="P27_SP00041" HPOS="664" VPOS="413" WIDTH="13"/>
						<String ID="P27_ST00049" HPOS="677" VPOS="384" WIDTH="24" HEIGHT="24" CONTENT="in" WC="0.66" CC="33"/>
						<SP ID="P27_SP00042" HPOS="701" VPOS="413" WIDTH="19"/>
						<String ID="P27_ST00050" HPOS="720" VPOS="385" WIDTH="136" HEIGHT="26" CONTENT="Khandesh" WC="0.68" CC="84070040"/>
						<SP ID="P27_SP00043" HPOS="856" VPOS="413" WIDTH="11"/>
						<String ID="P27_ST00051" HPOS="867" VPOS="388" WIDTH="47" HEIGHT="24" CONTENT="and" WC="0.76" CC="070"/>
						<SP ID="P27_SP00044" HPOS="914" VPOS="413" WIDTH="13"/>
						<String ID="P27_ST00052" HPOS="927" VPOS="389" WIDTH="111" HEIGHT="26" CONTENT="Nemaur" WC="0.55" CC="810079"/>
						<SP ID="P27_SP00045" HPOS="1038" VPOS="415" WIDTH="13"/>
						<String ID="P27_ST00053" HPOS="1051" VPOS="392" WIDTH="77" HEIGHT="25" CONTENT="under" WC="0.61" CC="44036"/>
					</TextLine>
					<TextLine ID="P27_TL00009" HPOS="112" VPOS="412" WIDTH="245" HEIGHT="23">
						<String ID="P27_ST00054" HPOS="112" VPOS="412" WIDTH="127" HEIGHT="22" CONTENT="Hussoola" WC="0.71" CC="80315040"/>
						<SP ID="P27_SP00046" HPOS="239" VPOS="434" WIDTH="24"/>
						<String ID="P27_ST00055" HPOS="263" VPOS="412" WIDTH="94" HEIGHT="23" CONTENT="Naick." WC="0.74" CC="770000"/>
					</TextLine>
					<TextLine ID="P27_TL00010" HPOS="71" VPOS="442" WIDTH="1048" HEIGHT="43">
						<String ID="P27_ST00056" HPOS="71" VPOS="442" WIDTH="55" HEIGHT="24" CONTENT="The" WC="0.80" CC="060"/>
						<SP ID="P27_SP00047" HPOS="126" VPOS="466" WIDTH="15"/>
						<String ID="P27_ST00057" HPOS="141" VPOS="443" WIDTH="91" HEIGHT="33" CONTENT="Daung" WC="0.73" CC="60060"/>
						<SP ID="P27_SP00048" HPOS="232" VPOS="476" WIDTH="12"/>
						<String ID="P27_ST00058" HPOS="244" VPOS="445" WIDTH="76" HEIGHT="25" CONTENT="chiefs" WC="0.66" CC="067006"/>
						<SP ID="P27_SP00049" HPOS="320" VPOS="476" WIDTH="13"/>
						<String ID="P27_ST00059" HPOS="333" VPOS="446" WIDTH="91" HEIGHT="24" CONTENT="submit" WC="0.73" CC="206141"/>
						<SP ID="P27_SP00050" HPOS="424" VPOS="476" WIDTH="17"/>
						<String ID="P27_ST00060" HPOS="441" VPOS="454" WIDTH="30" HEIGHT="16" CONTENT="on" WC="0.48" CC="45"/>
						<SP ID="P27_SP00051" HPOS="471" VPOS="476" WIDTH="14"/>
						<String ID="P27_ST00061" HPOS="485" VPOS="448" WIDTH="39" HEIGHT="24" CONTENT="the" WC="0.66" CC="360"/>
						<SP ID="P27_SP00052" HPOS="524" VPOS="476" WIDTH="14"/>
						<String ID="P27_ST00062" HPOS="538" VPOS="457" WIDTH="152" HEIGHT="24" CONTENT="appearance" WC="0.93" CC="0000040200"/>
						<SP ID="P27_SP00053" HPOS="690" VPOS="481" WIDTH="18"/>
						<String ID="P27_ST00063" HPOS="708" VPOS="452" WIDTH="28" HEIGHT="23" CONTENT="of" WC="0.48" CC="45"/>
						<SP ID="P27_SP00054" HPOS="736" VPOS="481" WIDTH="9"/>
						<String ID="P27_ST00064" HPOS="745" VPOS="453" WIDTH="41" HEIGHT="24" CONTENT="the" WC="0.82" CC="050"/>
						<SP ID="P27_SP00055" HPOS="786" VPOS="481" WIDTH="24"/>
						<String ID="P27_ST00065" HPOS="810" VPOS="454" WIDTH="67" HEIGHT="26" CONTENT="force" WC="0.69" CC="07700"/>
						<SP ID="P27_SP00056" HPOS="877" VPOS="481" WIDTH="17"/>
						<String ID="P27_ST00066" HPOS="894" VPOS="461" WIDTH="54" HEIGHT="20" CONTENT="sent" WC="0.85" CC="5000"/>
						<SP ID="P27_SP00057" HPOS="948" VPOS="481" WIDTH="12"/>
						<String ID="P27_ST00067" HPOS="960" VPOS="461" WIDTH="26" HEIGHT="21" CONTENT="to" WC="0.46" CC="81"/>
						<SP ID="P27_SP00058" HPOS="986" VPOS="482" WIDTH="13"/>
						<String ID="P27_ST00068" HPOS="999" VPOS="459" WIDTH="40" HEIGHT="24" CONTENT="the" WC="0.89" CC="003"/>
						<SP ID="P27_SP00059" HPOS="1039" VPOS="483" WIDTH="23"/>
						<String ID="P27_ST00069" HPOS="1062" VPOS="459" WIDTH="57" HEIGHT="26" CONTENT="hills" WC="0.68" CC="03056"/>
					</TextLine>
					<TextLine ID="P27_TL00011" HPOS="72" VPOS="477" WIDTH="1056" HEIGHT="42">
						<String ID="P27_ST00070" HPOS="72" VPOS="477" WIDTH="55" HEIGHT="24" CONTENT="The" WC="0.86" CC="040"/>
						<SP ID="P27_SP00060" HPOS="127" VPOS="501" WIDTH="14"/>
						<String ID="P27_ST00071" HPOS="141" VPOS="477" WIDTH="118" HEIGHT="33" CONTENT="Burgaon" WC="0.68" CC="4039004"/>
						<SP ID="P27_SP00061" HPOS="259" VPOS="510" WIDTH="15"/>
						<String ID="P27_ST00072" HPOS="274" VPOS="480" WIDTH="48" HEIGHT="24" CONTENT="and" WC="0.75" CC="070"/>
						<SP ID="P27_SP00062" HPOS="322" VPOS="510" WIDTH="15"/>
						<String ID="P27_ST00073" HPOS="337" VPOS="480" WIDTH="137" HEIGHT="25" CONTENT="Errondole" WC="0.85" CC="000620020"/>
						<SP ID="P27_SP00063" HPOS="474" VPOS="510" WIDTH="12"/>
						<String ID="P27_ST00074" HPOS="486" VPOS="482" WIDTH="108" HEIGHT="26" CONTENT="districts" WC="0.80" CC="002052006"/>
						<SP ID="P27_SP00064" HPOS="594" VPOS="510" WIDTH="13"/>
						<String ID="P27_ST00075" HPOS="607" VPOS="484" WIDTH="104" HEIGHT="25" CONTENT="infested" WC="0.75" CC="56001600"/>
						<SP ID="P27_SP00065" HPOS="711" VPOS="510" WIDTH="13"/>
						<String ID="P27_ST00076" HPOS="724" VPOS="487" WIDTH="59" HEIGHT="24" CONTENT="with" WC="0.93" CC="0200"/>
						<SP ID="P27_SP00066" HPOS="783" VPOS="511" WIDTH="14"/>
						<String ID="P27_ST00077" HPOS="797" VPOS="489" WIDTH="67" HEIGHT="25" CONTENT="three" WC="0.97" CC="00100"/>
						<SP ID="P27_SP00067" HPOS="864" VPOS="514" WIDTH="10"/>
						<String ID="P27_ST00078" HPOS="874" VPOS="490" WIDTH="68" HEIGHT="24" CONTENT="lar^e" WC="0.74" CC="00480"/>
						<SP ID="P27_SP00068" HPOS="942" VPOS="514" WIDTH="10"/>
						<String ID="P27_ST00079" HPOS="952" VPOS="501" WIDTH="76" HEIGHT="15" CONTENT="owners" WC="0.37" CC="780885"/>
						<SP ID="P27_SP00069" HPOS="1028" VPOS="516" WIDTH="25"/>
						<String ID="P27_ST00080" HPOS="1053" VPOS="494" WIDTH="75" HEIGHT="25" CONTENT="under" WC="0.80" CC="00026"/>
					</TextLine>
					<TextLine ID="P27_TL00012" HPOS="102" VPOS="512" WIDTH="1024" HEIGHT="40">
						<String ID="P27_ST00081" HPOS="102" VPOS="512" WIDTH="41" HEIGHT="24" CONTENT="the" WC="0.77" CC="060"/>
						<SP ID="P27_SP00070" HPOS="143" VPOS="536" WIDTH="13"/>
						<String ID="P27_ST00082" HPOS="156" VPOS="514" WIDTH="98" HEIGHT="24" CONTENT="control" WC="0.56" CC="4560067"/>
						<SP ID="P27_SP00071" HPOS="254" VPOS="538" WIDTH="12"/>
						<String ID="P27_ST00083" HPOS="266" VPOS="514" WIDTH="29" HEIGHT="23" CONTENT="of" WC="1.00" CC="00"/>
						<SP ID="P27_SP00072" HPOS="295" VPOS="538" WIDTH="9"/>
						<String ID="P27_ST00084" HPOS="304" VPOS="514" WIDTH="41" HEIGHT="24" CONTENT="the" WC="0.69" CC="170"/>
						<SP ID="P27_SP00073" HPOS="345" VPOS="538" WIDTH="16"/>
						<String ID="P27_ST00085" HPOS="361" VPOS="514" WIDTH="95" HEIGHT="25" CONTENT="famous" WC="0.83" CC="000206"/>
						<SP ID="P27_SP00074" HPOS="456" VPOS="539" WIDTH="13"/>
						<String ID="P27_ST00086" HPOS="469" VPOS="515" WIDTH="57" HEIGHT="26" CONTENT="fleet" WC="0.88" CC="00005"/>
						<SP ID="P27_SP00075" HPOS="526" VPOS="541" WIDTH="9"/>
						<String ID="P27_ST00087" HPOS="535" VPOS="517" WIDTH="94" HEIGHT="26" CONTENT="Heeria" WC="0.86" CC="000340"/>
						<SP ID="P27_SP00076" HPOS="629" VPOS="543" WIDTH="10"/>
						<String ID="P27_ST00088" HPOS="639" VPOS="528" WIDTH="6" HEIGHT="19" CONTENT=";" WC="0.64" CC="3"/>
						<SP ID="P27_SP00077" HPOS="645" VPOS="547" WIDTH="17"/>
						<String ID="P27_ST00089" HPOS="662" VPOS="520" WIDTH="93" HEIGHT="25" CONTENT="Saiboo" WC="0.58" CC="776030"/>
						<SP ID="P27_SP00078" HPOS="755" VPOS="547" WIDTH="10"/>
						<String ID="P27_ST00090" HPOS="765" VPOS="530" WIDTH="81" HEIGHT="17" CONTENT="comes" WC="0.69" CC="23206"/>
						<SP ID="P27_SP00079" HPOS="846" VPOS="547" WIDTH="10"/>
						<String ID="P27_ST00091" HPOS="856" VPOS="524" WIDTH="25" HEIGHT="24" CONTENT="in" WC="0.80" CC="03"/>
						<SP ID="P27_SP00080" HPOS="881" VPOS="548" WIDTH="15"/>
						<String ID="P27_ST00092" HPOS="896" VPOS="525" WIDTH="48" HEIGHT="24" CONTENT="and" WC="0.75" CC="070"/>
						<SP ID="P27_SP00081" HPOS="944" VPOS="549" WIDTH="14"/>
						<String ID="P27_ST00093" HPOS="958" VPOS="535" WIDTH="19" HEIGHT="15" CONTENT=".s" WC="0.57" CC="43"/>
						<SP ID="P27_SP00082" HPOS="977" VPOS="550" WIDTH="14"/>
						<String ID="P27_ST00094" HPOS="991" VPOS="529" WIDTH="135" HEIGHT="23" CONTENT="entertain-" WC="0.80" CC="2000410073"/>
					</TextLine>
					<TextLine ID="P27_TL00013" HPOS="104" VPOS="546" WIDTH="718" HEIGHT="39">
						<String ID="P27_ST00095" HPOS="104" VPOS="546" WIDTH="31" HEIGHT="24" CONTENT="ed" WC="0.65" CC="60"/>
						<SP ID="P27_SP00083" HPOS="135" VPOS="570" WIDTH="12"/>
						<String ID="P27_ST00096" HPOS="147" VPOS="550" WIDTH="26" HEIGHT="20" CONTENT="to" WC="0.82" CC="03"/>
						<SP ID="P27_SP00084" HPOS="173" VPOS="570" WIDTH="14"/>
						<String ID="P27_ST00097" HPOS="187" VPOS="556" WIDTH="111" HEIGHT="24" CONTENT="preserve" WC="0.79" CC="00040650"/>
						<SP ID="P27_SP00085" HPOS="298" VPOS="580" WIDTH="18"/>
						<String ID="P27_ST00098" HPOS="316" VPOS="548" WIDTH="41" HEIGHT="25" CONTENT="the" WC="0.53" CC="670"/>
						<SP ID="P27_SP00086" HPOS="357" VPOS="580" WIDTH="18"/>
						<String ID="P27_ST00099" HPOS="375" VPOS="558" WIDTH="74" HEIGHT="23" CONTENT="peace" WC="0.65" CC="80530"/>
						<SP ID="P27_SP00087" HPOS="449" VPOS="581" WIDTH="14"/>
						<String ID="P27_ST00100" HPOS="463" VPOS="550" WIDTH="28" HEIGHT="24" CONTENT="of" WC="0.62" CC="70"/>
						<SP ID="P27_SP00088" HPOS="491" VPOS="581" WIDTH="10"/>
						<String ID="P27_ST00101" HPOS="501" VPOS="551" WIDTH="40" HEIGHT="23" CONTENT="the" WC="0.80" CC="060"/>
						<SP ID="P27_SP00089" HPOS="541" VPOS="581" WIDTH="14"/>
						<String ID="P27_ST00102" HPOS="555" VPOS="552" WIDTH="150" HEIGHT="33" CONTENT="Chalisgaon" WC="0.88" CC="0204050000"/>
						<SP ID="P27_SP00090" HPOS="705" VPOS="585" WIDTH="13"/>
						<String ID="P27_ST00103" HPOS="718" VPOS="554" WIDTH="104" HEIGHT="26" CONTENT="district." WC="0.80" CC="041460000"/>
					</TextLine>
				</TextBlock>
				<TextBlock ID="P27_TB00006" HPOS="535" VPOS="616" WIDTH="90" HEIGHT="30" STYLEREFS="TXT_1 PAR_LEFT">
					<TextLine ID="P27_TL00014" HPOS="535" VPOS="616" WIDTH="90" HEIGHT="30">
						<String ID="P27_ST00104" HPOS="535" VPOS="616" WIDTH="90" HEIGHT="30" CONTENT="1823." WC="0.91" CC="00011"/>
					</TextLine>
				</TextBlock>
				<TextBlock ID="P27_TB00007" HPOS="62" VPOS="673" WIDTH="1059" HEIGHT="268" STYLEREFS="TXT_1 PAR_LEFT">
					<TextLine ID="P27_TL00015" HPOS="70" VPOS="674" WIDTH="575" HEIGHT="33">
						<String ID="P27_ST00105" HPOS="70" VPOS="674" WIDTH="55" HEIGHT="23" CONTENT="The" WC="0.83" CC="050"/>
						<SP ID="P27_SP00091" HPOS="125" VPOS="697" WIDTH="25"/>
						<String ID="P27_ST00106" HPOS="150" VPOS="674" WIDTH="120" HEIGHT="25" CONTENT="Political" WC="0.73" CC="025530007"/>
						<SP ID="P27_SP00092" HPOS="270" VPOS="699" WIDTH="24"/>
						<String ID="P27_ST00107" HPOS="294" VPOS="676" WIDTH="86" HEIGHT="31" CONTENT="Agent" WC="0.66" CC="09070"/>
						<SP ID="P27_SP00093" HPOS="380" VPOS="707" WIDTH="14"/>
						<String ID="P27_ST00108" HPOS="394" VPOS="677" WIDTH="82" HEIGHT="24" CONTENT="leaves" WC="0.61" CC="708700"/>
						<SP ID="P27_SP00094" HPOS="476" VPOS="707" WIDTH="24"/>
						<String ID="P27_ST00109" HPOS="500" VPOS="678" WIDTH="145" HEIGHT="26" CONTENT="Khandesh." WC="0.87" CC="030200510"/>
					</TextLine>
					<TextLine ID="P27_TL00016" HPOS="69" VPOS="708" WIDTH="1052" HEIGHT="43">
						<String ID="P27_ST00110" HPOS="69" VPOS="708" WIDTH="96" HEIGHT="32" CONTENT="During" WC="0.40" CC="935609"/>
						<SP ID="P27_SP00095" HPOS="165" VPOS="740" WIDTH="12"/>
						<String ID="P27_ST00111" HPOS="177" VPOS="709" WIDTH="38" HEIGHT="24" CONTENT="his" WC="0.76" CC="034"/>
						<SP ID="P27_SP00096" HPOS="215" VPOS="740" WIDTH="11"/>
						<String ID="P27_ST00112" HPOS="226" VPOS="709" WIDTH="196" HEIGHT="26" CONTENT="administration" WC="0.82" CC="00400300405006"/>
						<SP ID="P27_SP00097" HPOS="422" VPOS="740" WIDTH="14"/>
						<String ID="P27_ST00113" HPOS="436" VPOS="713" WIDTH="131" HEIGHT="24" CONTENT="continued" WC="0.89" CC="000054000"/>
						<SP ID="P27_SP00098" HPOS="567" VPOS="740" WIDTH="26"/>
						<String ID="P27_ST00114" HPOS="593" VPOS="714" WIDTH="152" HEIGHT="26" CONTENT="settlements" WC="0.83" CC="00210080400"/>
						<SP ID="P27_SP00099" HPOS="745" VPOS="740" WIDTH="13"/>
						<String ID="P27_ST00115" HPOS="758" VPOS="715" WIDTH="48" HEIGHT="24" CONTENT="had" WC="1.00" CC="000"/>
						<SP ID="P27_SP00100" HPOS="806" VPOS="740" WIDTH="21"/>
						<String ID="P27_ST00116" HPOS="827" VPOS="717" WIDTH="60" HEIGHT="23" CONTENT="been" WC="0.97" CC="0001"/>
						<SP ID="P27_SP00101" HPOS="887" VPOS="740" WIDTH="13"/>
						<String ID="P27_ST00117" HPOS="900" VPOS="718" WIDTH="71" HEIGHT="23" CONTENT="made" WC="0.85" CC="5000"/>
						<SP ID="P27_SP00102" HPOS="971" VPOS="741" WIDTH="10"/>
						<String ID="P27_ST00118" HPOS="981" VPOS="718" WIDTH="60" HEIGHT="33" CONTENT="only" WC="0.69" CC="3440"/>
						<SP ID="P27_SP00103" HPOS="1041" VPOS="751" WIDTH="13"/>
						<String ID="P27_ST00119" HPOS="1054" VPOS="723" WIDTH="26" HEIGHT="21" CONTENT="to" WC="0.89" CC="02"/>
						<SP ID="P27_SP00104" HPOS="1080" VPOS="751" WIDTH="13"/>
						<String ID="P27_ST00120" HPOS="1093" VPOS="720" WIDTH="28" HEIGHT="24" CONTENT="be" WC="0.99" CC="00"/>
					</TextLine>
					<TextLine ID="P27_TL00017" HPOS="101" VPOS="742" WIDTH="1020" HEIGHT="37">
						<String ID="P27_ST00121" HPOS="101" VPOS="742" WIDTH="103" HEIGHT="29" CONTENT="broken," WC="0.78" CC="2600050"/>
						<SP ID="P27_SP00105" HPOS="204" VPOS="771" WIDTH="14"/>
						<String ID="P27_ST00122" HPOS="218" VPOS="743" WIDTH="47" HEIGHT="24" CONTENT="and" WC="0.90" CC="020"/>
						<SP ID="P27_SP00106" HPOS="265" VPOS="771" WIDTH="14"/>
						<String ID="P27_ST00123" HPOS="279" VPOS="744" WIDTH="65" HEIGHT="24" CONTENT="force" WC="0.87" CC="24000"/>
						<SP ID="P27_SP00107" HPOS="344" VPOS="771" WIDTH="13"/>
						<String ID="P27_ST00124" HPOS="357" VPOS="746" WIDTH="143" HEIGHT="32" CONTENT="employed," WC="0.77" CC="060370003"/>
						<SP ID="P27_SP00108" HPOS="500" VPOS="778" WIDTH="13"/>
						<String ID="P27_ST00125" HPOS="513" VPOS="747" WIDTH="34" HEIGHT="32" CONTENT="by" WC="1.00" CC="00"/>
						<SP ID="P27_SP00109" HPOS="547" VPOS="779" WIDTH="13"/>
						<String ID="P27_ST00126" HPOS="560" VPOS="747" WIDTH="82" HEIGHT="25" CONTENT="which" WC="0.63" CC="86300"/>
						<SP ID="P27_SP00110" HPOS="642" VPOS="779" WIDTH="13"/>
						<String ID="P27_ST00127" HPOS="655" VPOS="749" WIDTH="36" HEIGHT="24" CONTENT="for" WC="0.92" CC="002"/>
						<SP ID="P27_SP00111" HPOS="691" VPOS="779" WIDTH="14"/>
						<String ID="P27_ST00128" HPOS="705" VPOS="757" WIDTH="14" HEIGHT="16" CONTENT="a" WC="1.00" CC="0"/>
						<SP ID="P27_SP00112" HPOS="719" VPOS="779" WIDTH="14"/>
						<String ID="P27_ST00129" HPOS="733" VPOS="750" WIDTH="58" HEIGHT="23" CONTENT="time" WC="0.75" CC="0180"/>
						<SP ID="P27_SP00113" HPOS="791" VPOS="779" WIDTH="13"/>
						<String ID="P27_ST00130" HPOS="804" VPOS="751" WIDTH="145" HEIGHT="24" CONTENT="submission" WC="0.78" CC="7000222600"/>
						<SP ID="P27_SP00114" HPOS="949" VPOS="779" WIDTH="17"/>
						<String ID="P27_ST00131" HPOS="966" VPOS="762" WIDTH="48" HEIGHT="14" CONTENT="was" WC="0.56" CC="903"/>
						<SP ID="P27_SP00115" HPOS="1014" VPOS="779" WIDTH="12"/>
						<String ID="P27_ST00132" HPOS="1026" VPOS="754" WIDTH="95" HEIGHT="24" CONTENT="obtain-" WC="0.85" CC="0260010"/>
					</TextLine>
					<TextLine ID="P27_TL00018" HPOS="98" VPOS="776" WIDTH="1021" HEIGHT="43">
						<String ID="P27_ST00133" HPOS="98" VPOS="776" WIDTH="30" HEIGHT="24" CONTENT="ed" WC="1.00" CC="00"/>
						<String ID="P27_ST00134" HPOS="138" VPOS="785" WIDTH="5" HEIGHT="19" CONTENT=";" WC="0.73" CC="2"/>
						<SP ID="P27_SP00116" HPOS="143" VPOS="804" WIDTH="15"/>
						<String ID="P27_ST00135" HPOS="158" VPOS="777" WIDTH="70" HEIGHT="24" CONTENT="when" WC="0.72" CC="0604"/>
						<SP ID="P27_SP00117" HPOS="228" VPOS="804" WIDTH="14"/>
						<String ID="P27_ST00136" HPOS="242" VPOS="778" WIDTH="40" HEIGHT="23" CONTENT="the" WC="0.61" CC="560"/>
						<SP ID="P27_SP00118" HPOS="282" VPOS="804" WIDTH="16"/>
						<String ID="P27_ST00137" HPOS="298" VPOS="778" WIDTH="122" HEIGHT="25" CONTENT="Collector" WC="0.72" CC="045001453"/>
						<SP ID="P27_SP00119" HPOS="420" VPOS="804" WIDTH="13"/>
						<String ID="P27_ST00138" HPOS="433" VPOS="781" WIDTH="60" HEIGHT="24" CONTENT="took" WC="0.69" CC="6060"/>
						<SP ID="P27_SP00120" HPOS="493" VPOS="805" WIDTH="12"/>
						<String ID="P27_ST00139" HPOS="505" VPOS="781" WIDTH="100" HEIGHT="32" CONTENT="charge," WC="0.68" CC="0701903"/>
						<SP ID="P27_SP00121" HPOS="605" VPOS="813" WIDTH="9"/>
						<String ID="P27_ST00140" HPOS="614" VPOS="783" WIDTH="41" HEIGHT="23" CONTENT="the" WC="0.97" CC="000"/>
						<SP ID="P27_SP00122" HPOS="655" VPOS="813" WIDTH="18"/>
						<String ID="P27_ST00141" HPOS="673" VPOS="784" WIDTH="93" HEIGHT="22" CONTENT="Nahals" WC="0.81" CC="204003"/>
						<SP ID="P27_SP00123" HPOS="766" VPOS="813" WIDTH="24"/>
						<String ID="P27_ST00142" HPOS="790" VPOS="792" WIDTH="63" HEIGHT="15" CONTENT="were" WC="0.73" CC="8010"/>
						<SP ID="P27_SP00124" HPOS="853" VPOS="813" WIDTH="13"/>
						<String ID="P27_ST00143" HPOS="866" VPOS="785" WIDTH="49" HEIGHT="23" CONTENT="still" WC="0.61" CC="67041"/>
						<SP ID="P27_SP00125" HPOS="915" VPOS="813" WIDTH="21"/>
						<String ID="P27_ST00144" HPOS="936" VPOS="786" WIDTH="144" HEIGHT="33" CONTENT="plundering" WC="0.48" CC="0545906279"/>
						<SP ID="P27_SP00126" HPOS="1080" VPOS="819" WIDTH="15"/>
						<String ID="P27_ST00145" HPOS="1095" VPOS="789" WIDTH="24" HEIGHT="23" CONTENT="in" WC="0.48" CC="45"/>
					</TextLine>
					<TextLine ID="P27_TL00019" HPOS="100" VPOS="810" WIDTH="228" HEIGHT="34">
						<String ID="P27_ST00146" HPOS="100" VPOS="811" WIDTH="41" HEIGHT="23" CONTENT="the" WC="0.67" CC="360"/>
						<SP ID="P27_SP00127" HPOS="141" VPOS="834" WIDTH="14"/>
						<String ID="P27_ST00147" HPOS="155" VPOS="810" WIDTH="173" HEIGHT="34" CONTENT="Saat-pooras." WC="0.79" CC="500400100760"/>
					</TextLine>
					<TextLine ID="P27_TL00020" HPOS="62" VPOS="844" WIDTH="1056" HEIGHT="36">
						<String ID="P27_ST00148" HPOS="62" VPOS="844" WIDTH="109" HEIGHT="24" CONTENT="Ankoos" WC="0.79" CC="060005"/>
						<SP ID="P27_SP00128" HPOS="171" VPOS="868" WIDTH="24"/>
						<String ID="P27_ST00149" HPOS="195" VPOS="854" WIDTH="89" HEIGHT="24" CONTENT="among" WC="0.55" CC="55640"/>
						<SP ID="P27_SP00129" HPOS="284" VPOS="878" WIDTH="25"/>
						<String ID="P27_ST00150" HPOS="309" VPOS="846" WIDTH="41" HEIGHT="24" CONTENT="the" WC="0.80" CC="050"/>
						<SP ID="P27_SP00130" HPOS="350" VPOS="878" WIDTH="25"/>
						<String ID="P27_ST00151" HPOS="375" VPOS="846" WIDTH="160" HEIGHT="33" CONTENT="Saatmullas," WC="0.58" CC="62336456042"/>
						<SP ID="P27_SP00131" HPOS="535" VPOS="879" WIDTH="23"/>
						<String ID="P27_ST00152" HPOS="558" VPOS="850" WIDTH="49" HEIGHT="24" CONTENT="and" WC="0.80" CC="050"/>
						<SP ID="P27_SP00132" HPOS="607" VPOS="879" WIDTH="20"/>
						<String ID="P27_ST00153" HPOS="627" VPOS="851" WIDTH="96" HEIGHT="24" CONTENT="Heeria" WC="0.80" CC="400340"/>
						<SP ID="P27_SP00133" HPOS="723" VPOS="879" WIDTH="19"/>
						<String ID="P27_ST00154" HPOS="742" VPOS="852" WIDTH="24" HEIGHT="23" CONTENT="in" WC="0.63" CC="07"/>
						<SP ID="P27_SP00134" HPOS="766" VPOS="879" WIDTH="14"/>
						<String ID="P27_ST00155" HPOS="780" VPOS="852" WIDTH="40" HEIGHT="23" CONTENT="the" WC="0.73" CC="070"/>
						<SP ID="P27_SP00135" HPOS="820" VPOS="879" WIDTH="13"/>
						<String ID="P27_ST00156" HPOS="833" VPOS="852" WIDTH="108" HEIGHT="26" CONTENT="districts" WC="0.78" CC="006040016"/>
						<SP ID="P27_SP00136" HPOS="941" VPOS="879" WIDTH="19"/>
						<String ID="P27_ST00157" HPOS="960" VPOS="855" WIDTH="27" HEIGHT="23" CONTENT="of" WC="0.21" CC="95"/>
						<SP ID="P27_SP00137" HPOS="987" VPOS="879" WIDTH="18"/>
						<String ID="P27_ST00158" HPOS="1005" VPOS="855" WIDTH="113" HEIGHT="25" CONTENT="Bur°aon" WC="0.62" CC="0626144"/>
					</TextLine>
					<TextLine ID="P27_TL00021" HPOS="100" VPOS="878" WIDTH="218" HEIGHT="27">
						<String ID="P27_ST00159" HPOS="100" VPOS="878" WIDTH="49" HEIGHT="24" CONTENT="and" WC="0.77" CC="600"/>
						<SP ID="P27_SP00138" HPOS="149" VPOS="902" WIDTH="20"/>
						<String ID="P27_ST00160" HPOS="169" VPOS="878" WIDTH="149" HEIGHT="27" CONTENT="Errondole." WC="0.84" CC="1391000000"/>
					</TextLine>
					<TextLine ID="P27_TL00022" HPOS="65" VPOS="911" WIDTH="498" HEIGHT="30">
						<String ID="P27_ST00161" HPOS="65" VPOS="911" WIDTH="124" HEIGHT="26" CONTENT="Russoola" WC="0.70" CC="70400620"/>
						<SP ID="P27_SP00139" HPOS="189" VPOS="937" WIDTH="12"/>
						<String ID="P27_ST00162" HPOS="201" VPOS="914" WIDTH="82" HEIGHT="24" CONTENT="seized" WC="0.81" CC="300430"/>
						<SP ID="P27_SP00140" HPOS="283" VPOS="938" WIDTH="13"/>
						<String ID="P27_ST00163" HPOS="296" VPOS="914" WIDTH="48" HEIGHT="24" CONTENT="and" WC="1.00" CC="000"/>
						<SP ID="P27_SP00141" HPOS="344" VPOS="938" WIDTH="18"/>
						<String ID="P27_ST00164" HPOS="362" VPOS="915" WIDTH="96" HEIGHT="24" CONTENT="Poonia" WC="0.81" CC="240040"/>
						<SP ID="P27_SP00142" HPOS="458" VPOS="939" WIDTH="18"/>
						<String ID="P27_ST00165" HPOS="476" VPOS="916" WIDTH="87" HEIGHT="25" CONTENT="killed." WC="0.90" CC="0400200"/>
					</TextLine>
				</TextBlock>
				<TextBlock ID="P27_TB00008" HPOS="62" VPOS="945" WIDTH="742" HEIGHT="39" STYLEREFS="TXT_1 PAR_LEFT">
					<TextLine ID="P27_TL00023" HPOS="62" VPOS="945" WIDTH="742" HEIGHT="39">
						<String ID="P27_ST00166" HPOS="62" VPOS="945" WIDTH="54" HEIGHT="25" CONTENT="The" WC="0.43" CC="970"/>
						<SP ID="P27_SP00143" HPOS="116" VPOS="970" WIDTH="15"/>
						<String ID="P27_ST00167" HPOS="131" VPOS="947" WIDTH="90" HEIGHT="32" CONTENT="Daung" WC="0.65" CC="52009"/>
						<SP ID="P27_SP00144" HPOS="221" VPOS="979" WIDTH="14"/>
						<String ID="P27_ST00168" HPOS="235" VPOS="948" WIDTH="89" HEIGHT="24" CONTENT="Bheels" WC="0.70" CC="060721"/>
						<SP ID="P27_SP00145" HPOS="324" VPOS="979" WIDTH="13"/>
						<String ID="P27_ST00169" HPOS="337" VPOS="949" WIDTH="110" HEIGHT="24" CONTENT="threaten" WC="0.64" CC="04508503"/>
						<SP ID="P27_SP00146" HPOS="447" VPOS="979" WIDTH="14"/>
						<String ID="P27_ST00170" HPOS="461" VPOS="950" WIDTH="41" HEIGHT="23" CONTENT="the" WC="1.00" CC="000"/>
						<SP ID="P27_SP00147" HPOS="502" VPOS="979" WIDTH="12"/>
						<String ID="P27_ST00171" HPOS="514" VPOS="950" WIDTH="95" HEIGHT="26" CONTENT="district" WC="0.64" CC="00626623"/>
						<SP ID="P27_SP00148" HPOS="609" VPOS="979" WIDTH="13"/>
						<String ID="P27_ST00172" HPOS="622" VPOS="952" WIDTH="29" HEIGHT="24" CONTENT="of" WC="0.76" CC="40"/>
						<SP ID="P27_SP00149" HPOS="651" VPOS="979" WIDTH="9"/>
						<String ID="P27_ST00173" HPOS="660" VPOS="952" WIDTH="144" HEIGHT="32" CONTENT="Nawapoor" WC="0.82" CC="00010443"/>
					</TextLine>
				</TextBlock>
				<TextBlock ID="P27_TB00009" HPOS="530" VPOS="1012" WIDTH="88" HEIGHT="28" STYLEREFS="TXT_1 PAR_LEFT">
					<TextLine ID="P27_TL00024" HPOS="530" VPOS="1012" WIDTH="88" HEIGHT="28">
						<String ID="P27_ST00174" HPOS="530" VPOS="1012" WIDTH="88" HEIGHT="28" CONTENT="1824." WC="0.84" CC="12030"/>
					</TextLine>
				</TextBlock>
				<TextBlock ID="P27_TB00010" HPOS="46" VPOS="1074" WIDTH="1069" HEIGHT="481" STYLEREFS="TXT_1 PAR_LEFT">
					<TextLine ID="P27_TL00025" HPOS="60" VPOS="1074" WIDTH="1055" HEIGHT="43">
						<String ID="P27_ST00175" HPOS="60" VPOS="1074" WIDTH="51" HEIGHT="24" CONTENT="The" WC="0.80" CC="060"/>
						<SP ID="P27_SP00150" HPOS="111" VPOS="1098" WIDTH="16"/>
						<String ID="P27_ST00176" HPOS="127" VPOS="1076" WIDTH="88" HEIGHT="24" CONTENT="Bheels" WC="0.80" CC="210114"/>
						<SP ID="P27_SP00151" HPOS="215" VPOS="1100" WIDTH="13"/>
						<String ID="P27_ST00177" HPOS="228" VPOS="1077" WIDTH="23" HEIGHT="24" CONTENT="in" WC="1.00" CC="00"/>
						<SP ID="P27_SP00152" HPOS="251" VPOS="1101" WIDTH="14"/>
						<String ID="P27_ST00178" HPOS="265" VPOS="1078" WIDTH="41" HEIGHT="24" CONTENT="the" WC="0.84" CC="040"/>
						<SP ID="P27_SP00153" HPOS="306" VPOS="1102" WIDTH="13"/>
						<String ID="P27_ST00179" HPOS="319" VPOS="1080" WIDTH="159" HEIGHT="30" CONTENT="surrounding" WC="0.65" CC="20450070089"/>
						<SP ID="P27_SP00154" HPOS="478" VPOS="1110" WIDTH="14"/>
						<String ID="P27_ST00180" HPOS="492" VPOS="1089" WIDTH="85" HEIGHT="24" CONTENT="ranges" WC="0.42" CC="377906"/>
						<SP ID="P27_SP00155" HPOS="577" VPOS="1113" WIDTH="13"/>
						<String ID="P27_ST00181" HPOS="590" VPOS="1083" WIDTH="115" HEIGHT="24" CONTENT="continue" WC="0.64" CC="06044507"/>
						<SP ID="P27_SP00156" HPOS="705" VPOS="1113" WIDTH="11"/>
						<String ID="P27_ST00182" HPOS="716" VPOS="1084" WIDTH="61" HEIGHT="24" CONTENT="their" WC="0.58" CC="70706"/>
						<SP ID="P27_SP00157" HPOS="777" VPOS="1113" WIDTH="12"/>
						<String ID="P27_ST00183" HPOS="789" VPOS="1085" WIDTH="153" HEIGHT="32" CONTENT="aggressions" WC="0.80" CC="30002600304"/>
						<SP ID="P27_SP00158" HPOS="942" VPOS="1117" WIDTH="13"/>
						<String ID="P27_ST00184" HPOS="955" VPOS="1088" WIDTH="23" HEIGHT="23" CONTENT="in" WC="0.57" CC="08"/>
						<SP ID="P27_SP00159" HPOS="978" VPOS="1117" WIDTH="16"/>
						<String ID="P27_ST00185" HPOS="994" VPOS="1089" WIDTH="39" HEIGHT="24" CONTENT="the" WC="0.53" CC="770"/>
						<SP ID="P27_SP00160" HPOS="1033" VPOS="1117" WIDTH="20"/>
						<String ID="P27_ST00186" HPOS="1053" VPOS="1096" WIDTH="62" HEIGHT="20" CONTENT="most" WC="0.61" CC="6124"/>
					</TextLine>
					<TextLine ID="P27_TL00026" HPOS="94" VPOS="1108" WIDTH="208" HEIGHT="33">
						<String ID="P27_ST00187" HPOS="94" VPOS="1108" WIDTH="87" HEIGHT="33" CONTENT="daring" WC="0.82" CC="000009"/>
						<SP ID="P27_SP00161" HPOS="181" VPOS="1141" WIDTH="10"/>
						<String ID="P27_ST00188" HPOS="191" VPOS="1120" WIDTH="111" HEIGHT="18" CONTENT="manner." WC="0.88" CC="0001006"/>
					</TextLine>
					<TextLine ID="P27_TL00027" HPOS="60" VPOS="1140" WIDTH="486" HEIGHT="40">
						<String ID="P27_ST00189" HPOS="60" VPOS="1143" WIDTH="76" HEIGHT="24" CONTENT="Sahib" WC="0.68" CC="70620"/>
						<SP ID="P27_SP00162" HPOS="136" VPOS="1167" WIDTH="22"/>
						<String ID="P27_ST00190" HPOS="158" VPOS="1140" WIDTH="76" HEIGHT="29" CONTENT="Khan" WC="0.47" CC="9505"/>
						<SP ID="P27_SP00163" HPOS="234" VPOS="1169" WIDTH="15"/>
						<String ID="P27_ST00191" HPOS="249" VPOS="1146" WIDTH="67" HEIGHT="31" CONTENT="joins" WC="0.92" CC="04000"/>
						<SP ID="P27_SP00164" HPOS="316" VPOS="1177" WIDTH="22"/>
						<String ID="P27_ST00192" HPOS="338" VPOS="1148" WIDTH="40" HEIGHT="23" CONTENT="the" WC="0.88" CC="030"/>
						<SP ID="P27_SP00165" HPOS="378" VPOS="1177" WIDTH="23"/>
						<String ID="P27_ST00193" HPOS="401" VPOS="1149" WIDTH="145" HEIGHT="31" CONTENT="insurgents." WC="0.77" CC="77045000100"/>
					</TextLine>
					<TextLine ID="P27_TL00028" HPOS="58" VPOS="1176" WIDTH="294" HEIGHT="35">
						<String ID="P27_ST00194" HPOS="58" VPOS="1176" WIDTH="96" HEIGHT="26" CONTENT="Anund" WC="0.54" CC="97050"/>
						<SP ID="P27_SP00166" HPOS="154" VPOS="1202" WIDTH="14"/>
						<String ID="P27_ST00195" HPOS="168" VPOS="1181" WIDTH="184" HEIGHT="30" CONTENT="apprehended," WC="0.89" CC="300502000000"/>
					</TextLine>
					<TextLine ID="P27_TL00029" HPOS="55" VPOS="1211" WIDTH="1057" HEIGHT="44">
						<String ID="P27_ST00196" HPOS="55" VPOS="1211" WIDTH="135" HEIGHT="34" CONTENT="Goomany" WC="0.69" CC="9007040"/>
						<SP ID="P27_SP00167" HPOS="190" VPOS="1245" WIDTH="14"/>
						<String ID="P27_ST00197" HPOS="204" VPOS="1215" WIDTH="90" HEIGHT="23" CONTENT="refuses" WC="0.48" CC="6077509"/>
						<SP ID="P27_SP00168" HPOS="294" VPOS="1245" WIDTH="19"/>
						<String ID="P27_ST00198" HPOS="313" VPOS="1219" WIDTH="24" HEIGHT="19" CONTENT="to" WC="0.48" CC="73"/>
						<SP ID="P27_SP00169" HPOS="337" VPOS="1245" WIDTH="14"/>
						<String ID="P27_ST00199" HPOS="351" VPOS="1215" WIDTH="94" HEIGHT="25" CONTENT="deliver" WC="0.91" CC="0020004"/>
						<SP ID="P27_SP00170" HPOS="445" VPOS="1245" WIDTH="19"/>
						<String ID="P27_ST00200" HPOS="464" VPOS="1226" WIDTH="31" HEIGHT="22" CONTENT="up" WC="1.00" CC="00"/>
						<SP ID="P27_SP00171" HPOS="495" VPOS="1248" WIDTH="13"/>
						<String ID="P27_ST00201" HPOS="508" VPOS="1216" WIDTH="157" HEIGHT="34" CONTENT="delinquents" WC="0.72" CC="00008055406"/>
						<SP ID="P27_SP00172" HPOS="665" VPOS="1250" WIDTH="19"/>
						<String ID="P27_ST00202" HPOS="684" VPOS="1220" WIDTH="81" HEIGHT="23" CONTENT="traced" WC="0.73" CC="130109"/>
						<SP ID="P27_SP00173" HPOS="765" VPOS="1250" WIDTH="21"/>
						<String ID="P27_ST00203" HPOS="786" VPOS="1224" WIDTH="25" HEIGHT="20" CONTENT="to" WC="1.00" CC="00"/>
						<SP ID="P27_SP00174" HPOS="811" VPOS="1250" WIDTH="13"/>
						<String ID="P27_ST00204" HPOS="824" VPOS="1221" WIDTH="38" HEIGHT="23" CONTENT="his" WC="0.64" CC="604"/>
						<SP ID="P27_SP00175" HPOS="862" VPOS="1250" WIDTH="11"/>
						<String ID="P27_ST00205" HPOS="873" VPOS="1221" WIDTH="87" HEIGHT="32" CONTENT="huttie," WC="0.69" CC="6100670"/>
						<SP ID="P27_SP00176" HPOS="960" VPOS="1253" WIDTH="13"/>
						<String ID="P27_ST00206" HPOS="973" VPOS="1226" WIDTH="139" HEIGHT="29" CONTENT="operations" WC="0.55" CC="6850702067"/>
					</TextLine>
					<TextLine ID="P27_TL00030" HPOS="88" VPOS="1248" WIDTH="357" HEIGHT="32">
						<String ID="P27_ST00207" HPOS="88" VPOS="1248" WIDTH="161" HEIGHT="22" CONTENT="commenced" WC="0.76" CC="057800000"/>
						<SP ID="P27_SP00177" HPOS="249" VPOS="1270" WIDTH="21"/>
						<String ID="P27_ST00208" HPOS="270" VPOS="1248" WIDTH="97" HEIGHT="32" CONTENT="against" WC="0.81" CC="0910020"/>
						<SP ID="P27_SP00178" HPOS="367" VPOS="1280" WIDTH="19"/>
						<String ID="P27_ST00209" HPOS="386" VPOS="1249" WIDTH="59" HEIGHT="25" CONTENT="him." WC="0.69" CC="6060"/>
					</TextLine>
					<TextLine ID="P27_TL00031" HPOS="60" VPOS="1279" WIDTH="564" HEIGHT="33">
						<String ID="P27_ST00210" HPOS="60" VPOS="1279" WIDTH="74" HEIGHT="33" CONTENT="Roop" WC="0.28" CC="7929"/>
						<SP ID="P27_SP00179" HPOS="134" VPOS="1312" WIDTH="13"/>
						<String ID="P27_ST00211" HPOS="147" VPOS="1281" WIDTH="48" HEIGHT="22" CONTENT="and" WC="0.76" CC="700"/>
						<SP ID="P27_SP00180" HPOS="195" VPOS="1312" WIDTH="20"/>
						<String ID="P27_ST00212" HPOS="215" VPOS="1281" WIDTH="36" HEIGHT="23" CONTENT="his" WC="0.69" CC="404"/>
						<SP ID="P27_SP00181" HPOS="251" VPOS="1312" WIDTH="14"/>
						<String ID="P27_ST00213" HPOS="265" VPOS="1282" WIDTH="98" HEIGHT="24" CONTENT="brother" WC="0.66" CC="0520553"/>
						<SP ID="P27_SP00182" HPOS="363" VPOS="1312" WIDTH="14"/>
						<String ID="P27_ST00214" HPOS="377" VPOS="1283" WIDTH="143" HEIGHT="25" CONTENT="Yeshwunt" WC="0.58" CC="64570061"/>
						<SP ID="P27_SP00183" HPOS="520" VPOS="1312" WIDTH="13"/>
						<String ID="P27_ST00215" HPOS="533" VPOS="1285" WIDTH="91" HEIGHT="24" CONTENT="seized." WC="0.78" CC="6305000"/>
					</TextLine>
					<TextLine ID="P27_TL00032" HPOS="55" VPOS="1312" WIDTH="461" HEIGHT="37">
						<String ID="P27_ST00216" HPOS="55" VPOS="1312" WIDTH="134" HEIGHT="30" CONTENT="Goomany" WC="0.44" CC="6705584"/>
						<SP ID="P27_SP00184" HPOS="189" VPOS="1342" WIDTH="14"/>
						<String ID="P27_ST00217" HPOS="203" VPOS="1315" WIDTH="73" HEIGHT="24" CONTENT="taken" WC="0.72" CC="00904"/>
						<SP ID="P27_SP00185" HPOS="276" VPOS="1342" WIDTH="16"/>
						<String ID="P27_ST00218" HPOS="292" VPOS="1316" WIDTH="47" HEIGHT="23" CONTENT="and" WC="0.80" CC="050"/>
						<SP ID="P27_SP00186" HPOS="339" VPOS="1342" WIDTH="14"/>
						<String ID="P27_ST00219" HPOS="353" VPOS="1318" WIDTH="163" HEIGHT="31" CONTENT="transported." WC="0.72" CC="200340955000"/>
					</TextLine>
					<TextLine ID="P27_TL00033" HPOS="50" VPOS="1347" WIDTH="1059" HEIGHT="40">
						<String ID="P27_ST00220" HPOS="50" VPOS="1347" WIDTH="79" HEIGHT="32" CONTENT="Large" WC="0.50" CC="97070"/>
						<SP ID="P27_SP00187" HPOS="129" VPOS="1379" WIDTH="25"/>
						<String ID="P27_ST00221" HPOS="154" VPOS="1349" WIDTH="169" HEIGHT="25" CONTENT="detachments" WC="0.55" CC="92032692605"/>
						<SP ID="P27_SP00188" HPOS="323" VPOS="1379" WIDTH="21"/>
						<String ID="P27_ST00222" HPOS="344" VPOS="1352" WIDTH="76" HEIGHT="23" CONTENT="under" WC="0.53" CC="27371"/>
						<SP ID="P27_SP00189" HPOS="420" VPOS="1379" WIDTH="16"/>
						<String ID="P27_ST00223" HPOS="436" VPOS="1352" WIDTH="83" HEIGHT="32" CONTENT="Major" WC="0.90" CC="00301"/>
						<SP ID="P27_SP00190" HPOS="519" VPOS="1384" WIDTH="14"/>
						<String ID="P27_ST00224" HPOS="533" VPOS="1351" WIDTH="143" HEIGHT="35" CONTENT="Deschatnp" WC="0.53" CC="706062746"/>
						<SP ID="P27_SP00191" HPOS="676" VPOS="1386" WIDTH="19"/>
						<String ID="P27_ST00225" HPOS="695" VPOS="1355" WIDTH="85" HEIGHT="24" CONTENT="moved" WC="0.63" CC="91600"/>
						<SP ID="P27_SP00192" HPOS="780" VPOS="1386" WIDTH="26"/>
						<String ID="P27_ST00226" HPOS="806" VPOS="1357" WIDTH="95" HEIGHT="30" CONTENT="against" WC="0.80" CC="0005106"/>
						<SP ID="P27_SP00193" HPOS="901" VPOS="1387" WIDTH="19"/>
						<String ID="P27_ST00227" HPOS="920" VPOS="1358" WIDTH="40" HEIGHT="23" CONTENT="the" WC="0.57" CC="570"/>
						<SP ID="P27_SP00194" HPOS="960" VPOS="1387" WIDTH="15"/>
						<String ID="P27_ST00228" HPOS="975" VPOS="1359" WIDTH="134" HEIGHT="26" CONTENT="Arnuddee" WC="0.76" CC="90600002"/>
					</TextLine>
					<TextLine ID="P27_TL00034" HPOS="85" VPOS="1383" WIDTH="920" HEIGHT="41">
						<String ID="P27_ST00229" HPOS="85" VPOS="1383" WIDTH="91" HEIGHT="29" CONTENT="Chiefs," WC="0.69" CC="0500960"/>
						<SP ID="P27_SP00195" HPOS="176" VPOS="1412" WIDTH="16"/>
						<String ID="P27_ST00230" HPOS="192" VPOS="1385" WIDTH="55" HEIGHT="22" CONTENT="who" WC="0.79" CC="060"/>
						<SP ID="P27_SP00196" HPOS="247" VPOS="1412" WIDTH="20"/>
						<String ID="P27_ST00231" HPOS="267" VPOS="1385" WIDTH="162" HEIGHT="24" CONTENT="nevertheless" WC="0.94" CC="000000000060"/>
						<SP ID="P27_SP00197" HPOS="429" VPOS="1412" WIDTH="17"/>
						<String ID="P27_ST00232" HPOS="446" VPOS="1386" WIDTH="116" HEIGHT="24" CONTENT="continue" WC="0.68" CC="60554400"/>
						<SP ID="P27_SP00198" HPOS="562" VPOS="1412" WIDTH="25"/>
						<String ID="P27_ST00233" HPOS="587" VPOS="1387" WIDTH="61" HEIGHT="24" CONTENT="their" WC="0.64" CC="40534"/>
						<SP ID="P27_SP00199" HPOS="648" VPOS="1412" WIDTH="12"/>
						<String ID="P27_ST00234" HPOS="660" VPOS="1388" WIDTH="68" HEIGHT="31" CONTENT="daily" WC="0.67" CC="00654"/>
						<SP ID="P27_SP00200" HPOS="728" VPOS="1419" WIDTH="14"/>
						<String ID="P27_ST00235" HPOS="742" VPOS="1390" WIDTH="97" HEIGHT="24" CONTENT="attacks" WC="0.88" CC="0000304"/>
						<SP ID="P27_SP00201" HPOS="839" VPOS="1419" WIDTH="11"/>
						<String ID="P27_ST00236" HPOS="850" VPOS="1398" WIDTH="32" HEIGHT="16" CONTENT="on" WC="0.57" CC="17"/>
						<SP ID="P27_SP00202" HPOS="882" VPOS="1419" WIDTH="13"/>
						<String ID="P27_ST00237" HPOS="895" VPOS="1392" WIDTH="110" HEIGHT="32" CONTENT="villages." WC="0.69" CC="360009070"/>
					</TextLine>
					<TextLine ID="P27_TL00035" HPOS="49" VPOS="1416" WIDTH="802" HEIGHT="40">
						<String ID="P27_ST00238" HPOS="49" VPOS="1416" WIDTH="53" HEIGHT="25" CONTENT="The" WC="0.85" CC="040"/>
						<SP ID="P27_SP00203" HPOS="102" VPOS="1441" WIDTH="18"/>
						<String ID="P27_ST00239" HPOS="120" VPOS="1418" WIDTH="164" HEIGHT="23" CONTENT="Manilutdars" WC="0.41" CC="98865840246"/>
						<SP ID="P27_SP00204" HPOS="284" VPOS="1441" WIDTH="11"/>
						<String ID="P27_ST00240" HPOS="295" VPOS="1424" WIDTH="81" HEIGHT="27" CONTENT="report" WC="0.68" CC="409040"/>
						<SP ID="P27_SP00205" HPOS="376" VPOS="1451" WIDTH="14"/>
						<String ID="P27_ST00241" HPOS="390" VPOS="1420" WIDTH="40" HEIGHT="23" CONTENT="the" WC="0.57" CC="660"/>
						<SP ID="P27_SP00206" HPOS="430" VPOS="1451" WIDTH="11"/>
						<String ID="P27_ST00242" HPOS="441" VPOS="1423" WIDTH="108" HEIGHT="21" CONTENT="extreme" WC="0.55" CC="0907086"/>
						<SP ID="P27_SP00207" HPOS="549" VPOS="1451" WIDTH="16"/>
						<String ID="P27_ST00243" HPOS="565" VPOS="1421" WIDTH="75" HEIGHT="24" CONTENT="alarm" WC="0.44" CC="04849"/>
						<SP ID="P27_SP00208" HPOS="640" VPOS="1451" WIDTH="18"/>
						<String ID="P27_ST00244" HPOS="658" VPOS="1422" WIDTH="29" HEIGHT="24" CONTENT="of" WC="1.00" CC="00"/>
						<SP ID="P27_SP00209" HPOS="687" VPOS="1451" WIDTH="12"/>
						<String ID="P27_ST00245" HPOS="699" VPOS="1423" WIDTH="40" HEIGHT="24" CONTENT="the" WC="0.84" CC="040"/>
						<SP ID="P27_SP00210" HPOS="739" VPOS="1451" WIDTH="15"/>
						<String ID="P27_ST00246" HPOS="754" VPOS="1424" WIDTH="97" HEIGHT="32" CONTENT="people." WC="0.96" CC="0000002"/>
					</TextLine>
					<TextLine ID="P27_TL00036" HPOS="49" VPOS="1450" WIDTH="609" HEIGHT="35">
						<String ID="P27_ST00247" HPOS="49" VPOS="1450" WIDTH="54" HEIGHT="25" CONTENT="The" WC="0.60" CC="920"/>
						<SP ID="P27_SP00211" HPOS="103" VPOS="1475" WIDTH="16"/>
						<String ID="P27_ST00248" HPOS="119" VPOS="1452" WIDTH="113" HEIGHT="33" CONTENT="Military" WC="0.76" CC="20006900"/>
						<SP ID="P27_SP00212" HPOS="232" VPOS="1485" WIDTH="11"/>
						<String ID="P27_ST00249" HPOS="243" VPOS="1453" WIDTH="66" HEIGHT="23" CONTENT="force" WC="0.79" CC="90000"/>
						<SP ID="P27_SP00213" HPOS="309" VPOS="1485" WIDTH="15"/>
						<String ID="P27_ST00250" HPOS="324" VPOS="1458" WIDTH="138" HEIGHT="26" CONTENT="penetrates" WC="0.75" CC="1331606002"/>
						<SP ID="P27_SP00214" HPOS="462" VPOS="1485" WIDTH="14"/>
						<String ID="P27_ST00251" HPOS="476" VPOS="1455" WIDTH="50" HEIGHT="23" CONTENT="into" WC="0.61" CC="6206"/>
						<SP ID="P27_SP00215" HPOS="526" VPOS="1485" WIDTH="14"/>
						<String ID="P27_ST00252" HPOS="540" VPOS="1456" WIDTH="40" HEIGHT="23" CONTENT="the" WC="0.92" CC="020"/>
						<SP ID="P27_SP00216" HPOS="580" VPOS="1485" WIDTH="15"/>
						<String ID="P27_ST00253" HPOS="595" VPOS="1456" WIDTH="63" HEIGHT="24" CONTENT="hills." WC="0.76" CC="460400"/>
					</TextLine>
					<TextLine ID="P27_TL00037" HPOS="46" VPOS="1481" WIDTH="1058" HEIGHT="47">
						<String ID="P27_ST00254" HPOS="46" VPOS="1486" WIDTH="53" HEIGHT="24" CONTENT="The" WC="0.51" CC="860"/>
						<SP ID="P27_SP00217" HPOS="99" VPOS="1510" WIDTH="17"/>
						<String ID="P27_ST00255" HPOS="116" VPOS="1486" WIDTH="90" HEIGHT="24" CONTENT="Bheels" WC="0.67" CC="360017"/>
						<SP ID="P27_SP00218" HPOS="206" VPOS="1510" WIDTH="13"/>
						<String ID="P27_ST00256" HPOS="219" VPOS="1495" WIDTH="26" HEIGHT="15" CONTENT="as" WC="0.79" CC="04"/>
						<SP ID="P27_SP00219" HPOS="245" VPOS="1510" WIDTH="14"/>
						<String ID="P27_ST00257" HPOS="259" VPOS="1481" WIDTH="69" HEIGHT="30" CONTENT="usual" WC="0.80" CC="12500"/>
						<SP ID="P27_SP00220" HPOS="328" VPOS="1511" WIDTH="14"/>
						<String ID="P27_ST00258" HPOS="342" VPOS="1488" WIDTH="107" HEIGHT="32" CONTENT="disperse" WC="0.74" CC="03501090"/>
						<SP ID="P27_SP00221" HPOS="449" VPOS="1520" WIDTH="20"/>
						<String ID="P27_ST00259" HPOS="469" VPOS="1490" WIDTH="33" HEIGHT="22" CONTENT="for" WC="0.27" CC="875"/>
						<SP ID="P27_SP00222" HPOS="502" VPOS="1520" WIDTH="23"/>
						<String ID="P27_ST00260" HPOS="525" VPOS="1490" WIDTH="40" HEIGHT="23" CONTENT="the" WC="0.87" CC="120"/>
						<SP ID="P27_SP00223" HPOS="565" VPOS="1520" WIDTH="21"/>
						<String ID="P27_ST00261" HPOS="586" VPOS="1491" WIDTH="68" HEIGHT="28" CONTENT="time," WC="0.66" CC="34800"/>
						<SP ID="P27_SP00224" HPOS="654" VPOS="1520" WIDTH="14"/>
						<String ID="P27_ST00262" HPOS="668" VPOS="1491" WIDTH="48" HEIGHT="23" CONTENT="and" WC="0.81" CC="220"/>
						<SP ID="P27_SP00225" HPOS="716" VPOS="1520" WIDTH="19"/>
						<String ID="P27_ST00263" HPOS="735" VPOS="1491" WIDTH="80" HEIGHT="33" CONTENT="heavy" WC="0.80" CC="10800"/>
						<SP ID="P27_SP00226" HPOS="815" VPOS="1524" WIDTH="27"/>
						<String ID="P27_ST00264" HPOS="842" VPOS="1493" WIDTH="106" HEIGHT="24" CONTENT="rewards" WC="0.71" CC="4000770"/>
						<SP ID="P27_SP00227" HPOS="948" VPOS="1524" WIDTH="12"/>
						<String ID="P27_ST00265" HPOS="960" VPOS="1495" WIDTH="37" HEIGHT="23" CONTENT="for" WC="0.52" CC="077"/>
						<SP ID="P27_SP00228" HPOS="997" VPOS="1524" WIDTH="14"/>
						<String ID="P27_ST00266" HPOS="1011" VPOS="1495" WIDTH="42" HEIGHT="24" CONTENT="the" WC="0.75" CC="060"/>
						<SP ID="P27_SP00229" HPOS="1053" VPOS="1524" WIDTH="9"/>
						<String ID="P27_ST00267" HPOS="1062" VPOS="1505" WIDTH="42" HEIGHT="23" CONTENT="ap-" WC="0.83" CC="500"/>
					</TextLine>
					<TextLine ID="P27_TL00038" HPOS="80" VPOS="1521" WIDTH="619" HEIGHT="34">
						<String ID="P27_ST00268" HPOS="80" VPOS="1521" WIDTH="145" HEIGHT="31" CONTENT="prehension" WC="0.75" CC="9000007006"/>
						<SP ID="P27_SP00230" HPOS="225" VPOS="1552" WIDTH="19"/>
						<String ID="P27_ST00269" HPOS="244" VPOS="1522" WIDTH="27" HEIGHT="23" CONTENT="of" WC="0.34" CC="66"/>
						<SP ID="P27_SP00231" HPOS="271" VPOS="1552" WIDTH="12"/>
						<String ID="P27_ST00270" HPOS="283" VPOS="1522" WIDTH="40" HEIGHT="24" CONTENT="the" WC="0.50" CC="257"/>
						<SP ID="P27_SP00232" HPOS="323" VPOS="1552" WIDTH="15"/>
						<String ID="P27_ST00271" HPOS="338" VPOS="1522" WIDTH="93" HEIGHT="24" CONTENT="leaders" WC="0.76" CC="0079000"/>
						<SP ID="P27_SP00233" HPOS="431" VPOS="1552" WIDTH="14"/>
						<String ID="P27_ST00272" HPOS="445" VPOS="1531" WIDTH="39" HEIGHT="15" CONTENT="are" WC="0.79" CC="401"/>
						<SP ID="P27_SP00234" HPOS="484" VPOS="1552" WIDTH="14"/>
						<String ID="P27_ST00273" HPOS="498" VPOS="1524" WIDTH="85" HEIGHT="31" CONTENT="vainly" WC="0.77" CC="004350"/>
						<SP ID="P27_SP00235" HPOS="583" VPOS="1555" WIDTH="13"/>
						<String ID="P27_ST00274" HPOS="596" VPOS="1524" WIDTH="103" HEIGHT="25" CONTENT="offered." WC="0.84" CC="10008002"/>
					</TextLine>
				</TextBlock>
				<TextBlock ID="P27_TB00011" HPOS="510" VPOS="1590" WIDTH="87" HEIGHT="28" STYLEREFS="TXT_1 PAR_LEFT">
					<TextLine ID="P27_TL00039" HPOS="510" VPOS="1590" WIDTH="87" HEIGHT="28">
						<String ID="P27_ST00275" HPOS="510" VPOS="1590" WIDTH="87" HEIGHT="28" CONTENT="1825." WC="0.72" CC="54022"/>
					</TextLine>
				</TextBlock>
				<TextBlock ID="P27_TB00012" HPOS="38" VPOS="1656" WIDTH="1061" HEIGHT="195" STYLEREFS="TXT_1 PAR_LEFT">
					<TextLine ID="P27_TL00040" HPOS="42" VPOS="1656" WIDTH="654" HEIGHT="35">
						<String ID="P27_ST00276" HPOS="42" VPOS="1657" WIDTH="18" HEIGHT="22" CONTENT="A" WC="0.01" CC="9"/>
						<SP ID="P27_SP00236" HPOS="60" VPOS="1679" WIDTH="22"/>
						<String ID="P27_ST00277" HPOS="82" VPOS="1656" WIDTH="93" HEIGHT="23" CONTENT="serious" WC="0.75" CC="4000309"/>
						<SP ID="P27_SP00237" HPOS="175" VPOS="1679" WIDTH="12"/>
						<String ID="P27_ST00278" HPOS="187" VPOS="1656" WIDTH="157" HEIGHT="26" CONTENT="insurrection" WC="0.78" CC="100000055345"/>
						<SP ID="P27_SP00238" HPOS="344" VPOS="1682" WIDTH="15"/>
						<String ID="P27_ST00279" HPOS="359" VPOS="1659" WIDTH="71" HEIGHT="24" CONTENT="takes" WC="0.87" CC="60000"/>
						<SP ID="P27_SP00239" HPOS="430" VPOS="1683" WIDTH="18"/>
						<String ID="P27_ST00280" HPOS="448" VPOS="1659" WIDTH="71" HEIGHT="32" CONTENT="place" WC="0.90" CC="00050"/>
						<SP ID="P27_SP00240" HPOS="519" VPOS="1691" WIDTH="14"/>
						<String ID="P27_ST00281" HPOS="533" VPOS="1660" WIDTH="24" HEIGHT="23" CONTENT="in" WC="0.52" CC="44"/>
						<SP ID="P27_SP00241" HPOS="557" VPOS="1691" WIDTH="15"/>
						<String ID="P27_ST00282" HPOS="572" VPOS="1659" WIDTH="124" HEIGHT="32" CONTENT="Bauglan." WC="0.69" CC="60190060"/>
					</TextLine>
					<TextLine ID="P27_TL00041" HPOS="39" VPOS="1690" WIDTH="1060" HEIGHT="37">
						<String ID="P27_ST00283" HPOS="39" VPOS="1690" WIDTH="111" HEIGHT="24" CONTENT="Sewram" WC="0.83" CC="500004"/>
						<SP ID="P27_SP00242" HPOS="150" VPOS="1714" WIDTH="21"/>
						<String ID="P27_ST00284" HPOS="171" VPOS="1698" WIDTH="13" HEIGHT="16" CONTENT="a" WC="1.00" CC="0"/>
						<SP ID="P27_SP00243" HPOS="184" VPOS="1714" WIDTH="25"/>
						<String ID="P27_ST00285" HPOS="209" VPOS="1690" WIDTH="156" HEIGHT="28" CONTENT="blacksmith," WC="0.75" CC="04030351070"/>
						<SP ID="P27_SP00244" HPOS="365" VPOS="1718" WIDTH="16"/>
						<String ID="P27_ST00286" HPOS="381" VPOS="1694" WIDTH="137" HEIGHT="32" CONTENT="producing" WC="0.81" CC="012030270"/>
						<SP ID="P27_SP00245" HPOS="518" VPOS="1726" WIDTH="12"/>
						<String ID="P27_ST00287" HPOS="530" VPOS="1694" WIDTH="84" HEIGHT="32" CONTENT="forged" WC="0.79" CC="020900"/>
						<SP ID="P27_SP00246" HPOS="614" VPOS="1726" WIDTH="11"/>
						<String ID="P27_ST00288" HPOS="625" VPOS="1702" WIDTH="88" HEIGHT="24" CONTENT="papers" WC="0.59" CC="940036"/>
						<SP ID="P27_SP00247" HPOS="713" VPOS="1726" WIDTH="16"/>
						<String ID="P27_ST00289" HPOS="729" VPOS="1690" WIDTH="62" HEIGHT="27" CONTENT="from" WC="0.49" CC="0747"/>
						<SP ID="P27_SP00248" HPOS="791" VPOS="1726" WIDTH="14"/>
						<String ID="P27_ST00290" HPOS="805" VPOS="1694" WIDTH="40" HEIGHT="23" CONTENT="the" WC="0.88" CC="003"/>
						<SP ID="P27_SP00249" HPOS="845" VPOS="1726" WIDTH="14"/>
						<String ID="P27_ST00291" HPOS="859" VPOS="1693" WIDTH="68" HEIGHT="34" CONTENT="Raja" WC="0.79" CC="7010"/>
						<SP ID="P27_SP00250" HPOS="927" VPOS="1727" WIDTH="13"/>
						<String ID="P27_ST00292" HPOS="940" VPOS="1695" WIDTH="28" HEIGHT="23" CONTENT="of" WC="0.64" CC="60"/>
						<SP ID="P27_SP00251" HPOS="968" VPOS="1727" WIDTH="22"/>
						<String ID="P27_ST00293" HPOS="990" VPOS="1695" WIDTH="109" HEIGHT="28" CONTENT="Sattara," WC="0.70" CC="75200431"/>
					</TextLine>
					<TextLine ID="P27_TL00042" HPOS="72" VPOS="1725" WIDTH="1027" HEIGHT="36">
						<String ID="P27_ST00294" HPOS="72" VPOS="1725" WIDTH="93" HEIGHT="24" CONTENT="entices" WC="0.84" CC="0060004"/>
						<SP ID="P27_SP00252" HPOS="165" VPOS="1749" WIDTH="26"/>
						<String ID="P27_ST00295" HPOS="191" VPOS="1725" WIDTH="41" HEIGHT="24" CONTENT="the" WC="0.86" CC="040"/>
						<SP ID="P27_SP00253" HPOS="232" VPOS="1749" WIDTH="24"/>
						<String ID="P27_ST00296" HPOS="256" VPOS="1725" WIDTH="109" HEIGHT="31" CONTENT="Bauglan" WC="0.71" CC="4500206"/>
						<SP ID="P27_SP00254" HPOS="365" VPOS="1756" WIDTH="25"/>
						<String ID="P27_ST00297" HPOS="390" VPOS="1728" WIDTH="90" HEIGHT="24" CONTENT="Bheels" WC="0.82" CC="000046"/>
						<SP ID="P27_SP00255" HPOS="480" VPOS="1756" WIDTH="25"/>
						<String ID="P27_ST00298" HPOS="505" VPOS="1733" WIDTH="25" HEIGHT="19" CONTENT="to" WC="0.48" CC="19"/>
						<SP ID="P27_SP00256" HPOS="530" VPOS="1756" WIDTH="21"/>
						<String ID="P27_ST00299" HPOS="551" VPOS="1729" WIDTH="37" HEIGHT="23" CONTENT="his" WC="0.42" CC="663"/>
						<SP ID="P27_SP00257" HPOS="588" VPOS="1756" WIDTH="21"/>
						<String ID="P27_ST00300" HPOS="609" VPOS="1728" WIDTH="126" HEIGHT="28" CONTENT="standard," WC="0.64" CC="661384000"/>
						<SP ID="P27_SP00258" HPOS="735" VPOS="1756" WIDTH="27"/>
						<String ID="P27_ST00301" HPOS="762" VPOS="1728" WIDTH="36" HEIGHT="23" CONTENT="his" WC="0.50" CC="707"/>
						<SP ID="P27_SP00259" HPOS="798" VPOS="1756" WIDTH="20"/>
						<String ID="P27_ST00302" HPOS="818" VPOS="1728" WIDTH="117" HEIGHT="32" CONTENT="intrigues" WC="0.65" CC="273600506"/>
						<SP ID="P27_SP00260" HPOS="935" VPOS="1760" WIDTH="25"/>
						<String ID="P27_ST00303" HPOS="960" VPOS="1729" WIDTH="139" HEIGHT="32" CONTENT="extending" WC="0.75" CC="060060009"/>
					</TextLine>
					<TextLine ID="P27_TL00043" HPOS="73" VPOS="1759" WIDTH="1025" HEIGHT="36">
						<String ID="P27_ST00304" HPOS="73" VPOS="1762" WIDTH="26" HEIGHT="21" CONTENT="to" WC="0.92" CC="10"/>
						<SP ID="P27_SP00261" HPOS="99" VPOS="1783" WIDTH="14"/>
						<String ID="P27_ST00305" HPOS="113" VPOS="1759" WIDTH="41" HEIGHT="24" CONTENT="the" WC="0.90" CC="110"/>
						<SP ID="P27_SP00262" HPOS="154" VPOS="1783" WIDTH="16"/>
						<String ID="P27_ST00306" HPOS="170" VPOS="1759" WIDTH="93" HEIGHT="31" CONTENT="Daung" WC="0.68" CC="60520"/>
						<SP ID="P27_SP00263" HPOS="263" VPOS="1790" WIDTH="8"/>
						<String ID="P27_ST00307" HPOS="271" VPOS="1760" WIDTH="48" HEIGHT="23" CONTENT="and" WC="1.00" CC="000"/>
						<SP ID="P27_SP00264" HPOS="319" VPOS="1790" WIDTH="14"/>
						<String ID="P27_ST00308" HPOS="333" VPOS="1765" WIDTH="25" HEIGHT="19" CONTENT="to" WC="0.50" CC="72"/>
						<SP ID="P27_SP00265" HPOS="358" VPOS="1790" WIDTH="13"/>
						<String ID="P27_ST00309" HPOS="371" VPOS="1762" WIDTH="41" HEIGHT="23" CONTENT="the" WC="0.76" CC="070"/>
						<SP ID="P27_SP00266" HPOS="412" VPOS="1790" WIDTH="11"/>
						<String ID="P27_ST00310" HPOS="423" VPOS="1762" WIDTH="151" HEIGHT="33" CONTENT="Saat-poora" WC="0.83" CC="6000053100"/>
						<SP ID="P27_SP00267" HPOS="574" VPOS="1795" WIDTH="14"/>
						<String ID="P27_ST00311" HPOS="588" VPOS="1771" WIDTH="82" HEIGHT="23" CONTENT="range." WC="0.72" CC="906000"/>
						<SP ID="P27_SP00268" HPOS="670" VPOS="1795" WIDTH="36"/>
						<String ID="P27_ST00312" HPOS="706" VPOS="1762" WIDTH="109" HEIGHT="24" CONTENT="Attacks" WC="0.75" CC="0464020"/>
						<SP ID="P27_SP00269" HPOS="815" VPOS="1795" WIDTH="10"/>
						<String ID="P27_ST00313" HPOS="825" VPOS="1762" WIDTH="47" HEIGHT="24" CONTENT="and" WC="0.76" CC="070"/>
						<SP ID="P27_SP00270" HPOS="872" VPOS="1795" WIDTH="13"/>
						<String ID="P27_ST00314" HPOS="885" VPOS="1762" WIDTH="116" HEIGHT="33" CONTENT="plunders" WC="0.70" CC="60000636"/>
						<SP ID="P27_SP00271" HPOS="1001" VPOS="1795" WIDTH="15"/>
						<String ID="P27_ST00315" HPOS="1016" VPOS="1763" WIDTH="82" HEIGHT="24" CONTENT="Unta-" WC="0.98" CC="00000"/>
					</TextLine>
					<TextLine ID="P27_TL00044" HPOS="68" VPOS="1794" WIDTH="1031" HEIGHT="35">
						<String ID="P27_ST00316" HPOS="68" VPOS="1802" WIDTH="61" HEIGHT="24" CONTENT="poor" WC="0.72" CC="0441"/>
						<SP ID="P27_SP00272" HPOS="129" VPOS="1826" WIDTH="13"/>
						<String ID="P27_ST00317" HPOS="142" VPOS="1794" WIDTH="61" HEIGHT="23" CONTENT="with" WC="0.68" CC="0066"/>
						<SP ID="P27_SP00273" HPOS="203" VPOS="1826" WIDTH="13"/>
						<String ID="P27_ST00318" HPOS="216" VPOS="1802" WIDTH="14" HEIGHT="15" CONTENT="a" WC="0.13" CC="8"/>
						<SP ID="P27_SP00274" HPOS="230" VPOS="1826" WIDTH="13"/>
						<String ID="P27_ST00319" HPOS="243" VPOS="1798" WIDTH="71" HEIGHT="29" CONTENT="party" WC="0.46" CC="97440"/>
						<SP ID="P27_SP00275" HPOS="314" VPOS="1827" WIDTH="19"/>
						<String ID="P27_ST00320" HPOS="333" VPOS="1795" WIDTH="28" HEIGHT="23" CONTENT="of" WC="1.00" CC="00"/>
						<SP ID="P27_SP00276" HPOS="361" VPOS="1827" WIDTH="9"/>
						<String ID="P27_ST00321" HPOS="370" VPOS="1798" WIDTH="49" HEIGHT="22" CONTENT="800" WC="0.39" CC="764"/>
						<SP ID="P27_SP00277" HPOS="419" VPOS="1827" WIDTH="11"/>
						<String ID="P27_ST00322" HPOS="430" VPOS="1805" WIDTH="64" HEIGHT="21" CONTENT="men," WC="0.67" CC="4080"/>
						<SP ID="P27_SP00278" HPOS="494" VPOS="1827" WIDTH="14"/>
						<String ID="P27_ST00323" HPOS="508" VPOS="1797" WIDTH="48" HEIGHT="24" CONTENT="and" WC="0.61" CC="074"/>
						<SP ID="P27_SP00279" HPOS="556" VPOS="1827" WIDTH="13"/>
						<String ID="P27_ST00324" HPOS="569" VPOS="1797" WIDTH="88" HEIGHT="24" CONTENT="carries" WC="0.90" CC="0300002"/>
						<SP ID="P27_SP00280" HPOS="657" VPOS="1827" WIDTH="14"/>
						<String ID="P27_ST00325" HPOS="671" VPOS="1796" WIDTH="37" HEIGHT="25" CONTENT="off" WC="1.00" CC="000"/>
						<SP ID="P27_SP00281" HPOS="708" VPOS="1827" WIDTH="10"/>
						<String ID="P27_ST00326" HPOS="718" VPOS="1796" WIDTH="41" HEIGHT="24" CONTENT="the" WC="0.91" CC="020"/>
						<SP ID="P27_SP00282" HPOS="759" VPOS="1827" WIDTH="12"/>
						<String ID="P27_ST00327" HPOS="771" VPOS="1796" WIDTH="61" HEIGHT="33" CONTENT="spoil" WC="0.74" CC="50006"/>
						<SP ID="P27_SP00283" HPOS="832" VPOS="1829" WIDTH="12"/>
						<String ID="P27_ST00328" HPOS="844" VPOS="1800" WIDTH="25" HEIGHT="21" CONTENT="to" WC="0.69" CC="06"/>
						<SP ID="P27_SP00284" HPOS="869" VPOS="1829" WIDTH="11"/>
						<String ID="P27_ST00329" HPOS="880" VPOS="1798" WIDTH="41" HEIGHT="23" CONTENT="the" WC="0.61" CC="460"/>
						<SP ID="P27_SP00285" HPOS="921" VPOS="1829" WIDTH="14"/>
						<String ID="P27_ST00330" HPOS="935" VPOS="1797" WIDTH="58" HEIGHT="24" CONTENT="Hill" WC="1.00" CC="0000"/>
						<SP ID="P27_SP00286" HPOS="993" VPOS="1829" WIDTH="12"/>
						<String ID="P27_ST00331" HPOS="1005" VPOS="1798" WIDTH="57" HEIGHT="24" CONTENT="Fort" WC="0.72" CC="0505"/>
						<SP ID="P27_SP00287" HPOS="1062" VPOS="1829" WIDTH="10"/>
						<String ID="P27_ST00332" HPOS="1072" VPOS="1798" WIDTH="27" HEIGHT="23" CONTENT="of" WC="0.78" CC="40"/>
					</TextLine>
					<TextLine ID="P27_TL00045" HPOS="73" VPOS="1828" WIDTH="103" HEIGHT="23">
						<String ID="P27_ST00333" HPOS="73" VPOS="1828" WIDTH="103" HEIGHT="23" CONTENT="Molair." WC="0.92" CC="0220000"/>
					</TextLine>
				</TextBlock>
				<TextBlock ID="P27_TB00013" HPOS="32" VPOS="1874" WIDTH="1062" HEIGHT="174" STYLEREFS="TXT_1 PAR_LEFT">
					<TextLine ID="P27_TL00046" HPOS="39" VPOS="1874" WIDTH="1055" HEIGHT="37">
						<String ID="P27_ST00334" HPOS="39" VPOS="1875" WIDTH="56" HEIGHT="30" CONTENT="Raij" WC="0.83" CC="6000"/>
						<SP ID="P27_SP00288" HPOS="95" VPOS="1905" WIDTH="21"/>
						<String ID="P27_ST00335" HPOS="116" VPOS="1874" WIDTH="71" HEIGHT="33" CONTENT="Sing," WC="0.57" CC="65090"/>
						<SP ID="P27_SP00289" HPOS="187" VPOS="1907" WIDTH="15"/>
						<String ID="P27_ST00336" HPOS="202" VPOS="1875" WIDTH="125" HEIGHT="25" CONTENT="threatens" WC="0.78" CC="060005006"/>
						<SP ID="P27_SP00290" HPOS="327" VPOS="1907" WIDTH="25"/>
						<String ID="P27_ST00337" HPOS="352" VPOS="1875" WIDTH="41" HEIGHT="24" CONTENT="the" WC="0.93" CC="010"/>
						<SP ID="P27_SP00291" HPOS="393" VPOS="1907" WIDTH="20"/>
						<String ID="P27_ST00338" HPOS="413" VPOS="1877" WIDTH="158" HEIGHT="31" CONTENT="purgunnahs" WC="0.82" CC="0030300037"/>
						<SP ID="P27_SP00292" HPOS="571" VPOS="1908" WIDTH="12"/>
						<String ID="P27_ST00339" HPOS="583" VPOS="1875" WIDTH="28" HEIGHT="25" CONTENT="of" WC="0.75" CC="40"/>
						<SP ID="P27_SP00293" HPOS="611" VPOS="1908" WIDTH="13"/>
						<String ID="P27_ST00340" HPOS="624" VPOS="1875" WIDTH="136" HEIGHT="33" CONTENT="Kanapoor" WC="0.61" CC="09702720"/>
						<SP ID="P27_SP00294" HPOS="760" VPOS="1908" WIDTH="24"/>
						<String ID="P27_ST00341" HPOS="784" VPOS="1877" WIDTH="48" HEIGHT="24" CONTENT="and" WC="0.66" CC="900"/>
						<SP ID="P27_SP00295" HPOS="832" VPOS="1908" WIDTH="14"/>
						<String ID="P27_ST00342" HPOS="846" VPOS="1878" WIDTH="132" HEIGHT="33" CONTENT="Pemplee," WC="0.79" CC="70500004"/>
						<SP ID="P27_SP00296" HPOS="978" VPOS="1911" WIDTH="15"/>
						<String ID="P27_ST00343" HPOS="993" VPOS="1881" WIDTH="47" HEIGHT="24" CONTENT="and" WC="0.84" CC="040"/>
						<SP ID="P27_SP00297" HPOS="1040" VPOS="1911" WIDTH="14"/>
						<String ID="P27_ST00344" HPOS="1054" VPOS="1882" WIDTH="40" HEIGHT="23" CONTENT="the" WC="0.89" CC="300"/>
					</TextLine>
					<TextLine ID="P27_TL00047" HPOS="73" VPOS="1909" WIDTH="631" HEIGHT="34">
						<String ID="P27_ST00345" HPOS="73" VPOS="1909" WIDTH="95" HEIGHT="33" CONTENT="Daung" WC="0.70" CC="62500"/>
						<SP ID="P27_SP00298" HPOS="168" VPOS="1942" WIDTH="14"/>
						<String ID="P27_ST00346" HPOS="182" VPOS="1910" WIDTH="88" HEIGHT="23" CONTENT="Bheels" WC="0.79" CC="240006"/>
						<SP ID="P27_SP00299" HPOS="270" VPOS="1942" WIDTH="18"/>
						<String ID="P27_ST00347" HPOS="288" VPOS="1917" WIDTH="93" HEIGHT="26" CONTENT="appear" WC="0.91" CC="400000"/>
						<SP ID="P27_SP00300" HPOS="381" VPOS="1943" WIDTH="17"/>
						<String ID="P27_ST00348" HPOS="398" VPOS="1910" WIDTH="23" HEIGHT="23" CONTENT="in" WC="1.00" CC="00"/>
						<SP ID="P27_SP00301" HPOS="421" VPOS="1943" WIDTH="12"/>
						<String ID="P27_ST00349" HPOS="433" VPOS="1911" WIDTH="65" HEIGHT="24" CONTENT="force" WC="0.93" CC="00300"/>
						<SP ID="P27_SP00302" HPOS="498" VPOS="1943" WIDTH="14"/>
						<String ID="P27_ST00350" HPOS="512" VPOS="1916" WIDTH="25" HEIGHT="19" CONTENT="at" WC="0.88" CC="02"/>
						<SP ID="P27_SP00303" HPOS="537" VPOS="1943" WIDTH="15"/>
						<String ID="P27_ST00351" HPOS="552" VPOS="1911" WIDTH="39" HEIGHT="23" CONTENT="the" WC="0.57" CC="660"/>
						<SP ID="P27_SP00304" HPOS="591" VPOS="1943" WIDTH="13"/>
						<String ID="P27_ST00352" HPOS="604" VPOS="1909" WIDTH="100" HEIGHT="25" CONTENT="Passes." WC="0.66" CC="2256060"/>
					</TextLine>
					<TextLine ID="P27_TL00048" HPOS="32" VPOS="1943" WIDTH="1061" HEIGHT="37">
						<String ID="P27_ST00353" HPOS="32" VPOS="1944" WIDTH="26" HEIGHT="24" CONTENT="A" WC="1.00" CC="0"/>
						<SP ID="P27_SP00305" HPOS="58" VPOS="1968" WIDTH="14"/>
						<String ID="P27_ST00354" HPOS="72" VPOS="1943" WIDTH="159" HEIGHT="25" CONTENT="detachment" WC="0.57" CC="0249274065"/>
						<SP ID="P27_SP00306" HPOS="231" VPOS="1968" WIDTH="13"/>
						<String ID="P27_ST00355" HPOS="244" VPOS="1944" WIDTH="28" HEIGHT="24" CONTENT="of" WC="0.72" CC="05"/>
						<SP ID="P27_SP00307" HPOS="272" VPOS="1968" WIDTH="13"/>
						<String ID="P27_ST00356" HPOS="285" VPOS="1944" WIDTH="41" HEIGHT="24" CONTENT="the" WC="0.73" CC="070"/>
						<SP ID="P27_SP00308" HPOS="326" VPOS="1968" WIDTH="15"/>
						<String ID="P27_ST00357" HPOS="341" VPOS="1944" WIDTH="74" HEIGHT="24" CONTENT="Local" WC="0.87" CC="32000"/>
						<SP ID="P27_SP00309" HPOS="415" VPOS="1968" WIDTH="15"/>
						<String ID="P27_ST00358" HPOS="430" VPOS="1945" WIDTH="137" HEIGHT="32" CONTENT="Regiment" WC="0.85" CC="00007040"/>
						<SP ID="P27_SP00310" HPOS="567" VPOS="1977" WIDTH="12"/>
						<String ID="P27_ST00359" HPOS="579" VPOS="1944" WIDTH="94" HEIGHT="25" CONTENT="arrives" WC="0.83" CC="0006004"/>
						<SP ID="P27_SP00311" HPOS="673" VPOS="1977" WIDTH="11"/>
						<String ID="P27_ST00360" HPOS="684" VPOS="1944" WIDTH="24" HEIGHT="24" CONTENT="in" WC="0.70" CC="06"/>
						<SP ID="P27_SP00312" HPOS="708" VPOS="1977" WIDTH="21"/>
						<String ID="P27_ST00361" HPOS="729" VPOS="1944" WIDTH="57" HEIGHT="25" CONTENT="time" WC="0.56" CC="7090"/>
						<SP ID="P27_SP00313" HPOS="786" VPOS="1977" WIDTH="13"/>
						<String ID="P27_ST00362" HPOS="799" VPOS="1949" WIDTH="25" HEIGHT="21" CONTENT="to" WC="0.76" CC="04"/>
						<SP ID="P27_SP00314" HPOS="824" VPOS="1977" WIDTH="13"/>
						<String ID="P27_ST00363" HPOS="837" VPOS="1947" WIDTH="66" HEIGHT="33" CONTENT="repel" WC="0.52" CC="23915"/>
						<SP ID="P27_SP00315" HPOS="903" VPOS="1980" WIDTH="13"/>
						<String ID="P27_ST00364" HPOS="916" VPOS="1955" WIDTH="30" HEIGHT="16" CONTENT="an" WC="0.77" CC="04"/>
						<SP ID="P27_SP00316" HPOS="946" VPOS="1980" WIDTH="19"/>
						<String ID="P27_ST00365" HPOS="965" VPOS="1949" WIDTH="85" HEIGHT="24" CONTENT="attack" WC="0.69" CC="060407"/>
						<SP ID="P27_SP00317" HPOS="1050" VPOS="1980" WIDTH="11"/>
						<String ID="P27_ST00366" HPOS="1061" VPOS="1958" WIDTH="32" HEIGHT="15" CONTENT="on" WC="0.77" CC="04"/>
					</TextLine>
					<TextLine ID="P27_TL00049" HPOS="68" VPOS="1978" WIDTH="1025" HEIGHT="38">
						<String ID="P27_ST00367" HPOS="68" VPOS="1978" WIDTH="42" HEIGHT="25" CONTENT="the" WC="0.70" CC="610"/>
						<SP ID="P27_SP00318" HPOS="110" VPOS="2003" WIDTH="13"/>
						<String ID="P27_ST00368" HPOS="123" VPOS="1983" WIDTH="67" HEIGHT="19" CONTENT="town" WC="0.74" CC="0505"/>
						<SP ID="P27_SP00319" HPOS="190" VPOS="2003" WIDTH="14"/>
						<String ID="P27_ST00369" HPOS="204" VPOS="1979" WIDTH="28" HEIGHT="23" CONTENT="of" WC="1.00" CC="00"/>
						<SP ID="P27_SP00320" HPOS="232" VPOS="2003" WIDTH="11"/>
						<String ID="P27_ST00370" HPOS="243" VPOS="1979" WIDTH="103" HEIGHT="29" CONTENT="Molair," WC="0.74" CC="7400050"/>
						<SP ID="P27_SP00321" HPOS="346" VPOS="2008" WIDTH="24"/>
						<String ID="P27_ST00371" HPOS="370" VPOS="1978" WIDTH="47" HEIGHT="24" CONTENT="and" WC="0.71" CC="080"/>
						<SP ID="P27_SP00322" HPOS="417" VPOS="2008" WIDTH="13"/>
						<String ID="P27_ST00372" HPOS="430" VPOS="1980" WIDTH="94" HEIGHT="32" CONTENT="shortly" WC="0.66" CC="3036550"/>
						<SP ID="P27_SP00323" HPOS="524" VPOS="2012" WIDTH="17"/>
						<String ID="P27_ST00373" HPOS="541" VPOS="1980" WIDTH="61" HEIGHT="24" CONTENT="after" WC="0.83" CC="00106"/>
						<SP ID="P27_SP00324" HPOS="602" VPOS="2012" WIDTH="16"/>
						<String ID="P27_ST00374" HPOS="618" VPOS="1978" WIDTH="148" HEIGHT="25" CONTENT="Lieutenant" WC="0.63" CC="7507400064"/>
						<SP ID="P27_SP00325" HPOS="766" VPOS="2012" WIDTH="25"/>
						<String ID="P27_ST00375" HPOS="791" VPOS="1980" WIDTH="104" HEIGHT="25" CONTENT="Outram" WC="0.56" CC="406690"/>
						<SP ID="P27_SP00326" HPOS="895" VPOS="2012" WIDTH="23"/>
						<String ID="P27_ST00376" HPOS="918" VPOS="1983" WIDTH="117" HEIGHT="33" CONTENT="surprises" WC="0.62" CC="006960503"/>
						<SP ID="P27_SP00327" HPOS="1035" VPOS="2016" WIDTH="10"/>
						<String ID="P27_ST00377" HPOS="1045" VPOS="1983" WIDTH="48" HEIGHT="25" CONTENT="and" WC="0.77" CC="600"/>
					</TextLine>
					<TextLine ID="P27_TL00050" HPOS="68" VPOS="2013" WIDTH="903" HEIGHT="35">
						<String ID="P27_ST00378" HPOS="68" VPOS="2013" WIDTH="124" HEIGHT="33" CONTENT="disperses" WC="0.74" CC="047042300"/>
						<SP ID="P27_SP00328" HPOS="192" VPOS="2046" WIDTH="9"/>
						<String ID="P27_ST00379" HPOS="201" VPOS="2013" WIDTH="41" HEIGHT="24" CONTENT="the" WC="0.87" CC="012"/>
						<SP ID="P27_SP00329" HPOS="242" VPOS="2046" WIDTH="23"/>
						<String ID="P27_ST00380" HPOS="265" VPOS="2015" WIDTH="139" HEIGHT="32" CONTENT="insurgents" WC="0.44" CC="0617796519"/>
						<SP ID="P27_SP00330" HPOS="404" VPOS="2047" WIDTH="10"/>
						<String ID="P27_ST00381" HPOS="414" VPOS="2014" WIDTH="48" HEIGHT="24" CONTENT="and" WC="0.91" CC="020"/>
						<SP ID="P27_SP00331" HPOS="462" VPOS="2047" WIDTH="15"/>
						<String ID="P27_ST00382" HPOS="477" VPOS="2022" WIDTH="112" HEIGHT="18" CONTENT="recovers" WC="0.57" CC="31469044"/>
						<SP ID="P27_SP00332" HPOS="589" VPOS="2047" WIDTH="14"/>
						<String ID="P27_ST00383" HPOS="603" VPOS="2021" WIDTH="15" HEIGHT="17" CONTENT="a" WC="1.00" CC="0"/>
						<SP ID="P27_SP00333" HPOS="618" VPOS="2047" WIDTH="13"/>
						<String ID="P27_ST00384" HPOS="631" VPOS="2020" WIDTH="68" HEIGHT="25" CONTENT="great" WC="0.40" CC="97606"/>
						<SP ID="P27_SP00334" HPOS="699" VPOS="2047" WIDTH="15"/>
						<String ID="P27_ST00385" HPOS="714" VPOS="2018" WIDTH="55" HEIGHT="29" CONTENT="part" WC="0.84" CC="0051"/>
						<SP ID="P27_SP00335" HPOS="769" VPOS="2047" WIDTH="9"/>
						<String ID="P27_ST00386" HPOS="778" VPOS="2015" WIDTH="29" HEIGHT="24" CONTENT="of" WC="0.83" CC="30"/>
						<SP ID="P27_SP00336" HPOS="807" VPOS="2047" WIDTH="10"/>
						<String ID="P27_ST00387" HPOS="817" VPOS="2016" WIDTH="41" HEIGHT="23" CONTENT="the" WC="0.78" CC="510"/>
						<SP ID="P27_SP00337" HPOS="858" VPOS="2047" WIDTH="12"/>
						<String ID="P27_ST00388" HPOS="870" VPOS="2016" WIDTH="101" HEIGHT="32" CONTENT="plunder" WC="0.52" CC="0566806"/>
					</TextLine>
				</TextBlock>
			</PrintSpace>
		</Page>
	</Layout>
</alto>
